,date,cof_cost,bn_cost,pk_cost,cof_vol,bn_vol,pk_vol
0,2022- 09- 30,221.55,1364.75,89.22,16730.0,,5070.0
1,2022- 09- 29,225.7,1410.75,89.45,14500.0,157470.0,4770.0
2,2022- 09- 28,228.7,1408.75,89.38,17980.0,,8140.000000000001
3,2022- 09- 27,224.35,1408.0,88.7,15720.0,,16370.000000000002
4,2022- 09- 26,223.8,1410.75,90.38,23520.0,,14400.0
5,2022- 09- 23,220.45,1425.75,92.62,12360.0,,11650.0
6,2022- 09- 22,223.55,1453.0,94.12,11420.0,,7240.0
7,2022- 09- 21,221.3,1461.25,94.42,11660.0,,10660.0
8,2022- 09- 20,228.1,1478.75,95.97,,,
9,2022- 09- 19,224.05,1461.25,96.47,,,
10,2022- 09- 16,218.05,1448.5,96.9,0.0,,12710.0
11,2022- 09- 15,219.15,1451.5,96.05,0.0,,16540.0
12,2022- 09- 14,214.85,1455.0,94.7,21270.0,,21660.0
13,2022- 09- 13,220.7,1478.75,95.75,19840.0,,39820.0
14,2022- 09- 12,224.75,1488.25,91.88,13620.0,,25180.0
15,2022- 09- 09,228.5,1412.25,93.17,16110.0,,29240.0
16,2022- 09- 08,222.2,1386.0,92.12,19430.0,,32229.999999999996
17,2022- 09- 07,223.25,1383.5,91.08,19970.0,,22700.0
18,2022- 09- 06,230.25,1398.75,91.1,19190.0,,20630.0
19,2022- 09- 02,228.8,1420.5,90.03,14710.0,66350.0,22830.0
20,2022- 09- 01,232.5,1392.5,91.95,15160.0,,16290.0
21,2022- 08- 31,235.25,1422.5,91.53,14170.0,,23890.0
22,2022- 08- 30,235.2,1432.5,93.6,15830.0,,19070.0
23,2022- 08- 29,236.6,1437.75,92.25,12040.0,,13350.0
24,2022- 08- 26,238.1,1461.25,90.65,15720.0,,16900.0
25,2022- 08- 25,239.5,1431.25,91.1,21920.0,,15930.0
26,2022- 08- 24,239.0,1457.0,90.38,31210.0,,24180.0
27,2022- 08- 23,228.25,1460.12,92.9,17010.0,,23160.0
28,2022- 08- 22,221.2,1435.25,93.97,27820.0,,17310.0
29,2022- 08- 19,213.35,1404.0,93.12,18230.0,,21780.0
30,2022- 08- 18,211.85,1405.25,93.3,17180.0,,25410.0
31,2022- 08- 17,214.4,1390.0,98.05,17840.0,71050.0,21990.0
32,2022- 08- 16,216.3,1381.38,96.58,18940.0,,26120.0
33,2022- 08- 15,221.55,1412.25,100.58,18110.0,,15990.0
34,2022- 08- 12,222.4,1454.25,121.72,14750.0,,2000.0
35,2022- 08- 11,219.55,1448.5,122.4,23350.0,83430.0,2750.0
36,2022- 08- 10,215.65,1427.75,122.25,20210.0,100440.0,3150.0
37,2022- 08- 09,209.0,1428.75,122.2,19230.0,90770.0,4370.0
38,2022- 08- 08,208.55,1400.0,121.8,21590.0,73160.0,4080.0
39,2022- 08- 05,206.4,1408.75,120.83,33100.0,98780.0,4270.0
40,2022- 08- 04,215.75,1417.75,120.65,18140.0,105460.0,8180.0
41,2022- 08- 03,211.25,1369.75,121.0,12170.0,95640.0,6600.0
42,2022- 08- 02,206.7,1386.5,119.85,12110.0,109060.0,5610.0
43,2022- 08- 01,210.0,1406.0,120.45,14710.0,125020.0,4940.0
44,2022- 07- 29,213.8,1468.5,120.65,13330.0,121320.0,6940.0
45,2022- 07- 28,214.6,1440.5,119.12,8980.0,100200.0,7350.0
46,2022- 07- 27,215.35,1410.0,118.6,13110.0,108140.0,7360.0
47,2022- 07- 26,209.45,1383.75,116.97,9350.0,99870.0,7160.0
48,2022- 07- 25,206.15,1346.0,117.22,8500.0,86710.0,10870.0
49,2022- 07- 22,202.65,1315.75,118.7,12290.0,93410.0,12820.0
50,2022- 07- 21,211.75,1301.5,116.3,6760.0,89380.0,10410.0
51,2022- 07- 20,213.95,1332.25,114.88,7900.0,83220.0,13910.0
52,2022- 07- 19,216.5,1358.25,112.83,14040.0,91910.0,12550.0
53,2022- 07- 18,215.2,1380.25,112.12,26260.0,81210.0,16810.0
54,2022- 07- 15,199.8,1342.25,114.9,21170.0,68190.0,830.0
55,2022- 07- 14,195.3,1359.75,114.92,31310.0,11080.0,1670.0
56,2022- 07- 13,207.35,1370.25,114.5,19730.0,9290.0,2370.0
57,2022- 07- 12,205.35,1362.5,113.6,26080.0,9410.0,2220.0
58,2022- 07- 11,213.25,1423.5,113.15,17930.0,6150.0,3070.0
59,2022- 07- 08,220.45,1513.25,112.85,19090.0,,2960.0
60,2022- 07- 07,218.9,1485.25,113.25,15350.0,,4850.0
61,2022- 07- 06,219.2,1446.5,113.15,15300.0,,7680.0
62,2022- 07- 05,221.05,1439.25,112.15,15310.0,,4810.0
63,2022- 07- 01,224.65,1509.75,109.6,19590.0,31170.0,4450.0
64,2022- 06- 30,230.1,1560.5,109.12,14050.0,,6010.0
65,2022- 06- 29,228.25,1571.5,109.4,26700.0,,4980.0
66,2022- 06- 28,217.75,1556.5,109.92,16940.0,,5520.0
67,2022- 06- 27,222.1,1529.5,110.17,15600.0,,5850.0
68,2022- 06- 24,223.25,1610.75,110.92,17510.0,,7340.0
69,2022- 06- 23,229.0,1593.25,108.55,16820.0,,10070.0
70,2022- 06- 22,236.4,1652.75,111.85,13140.0,,7590.0
71,2022- 06- 21,232.35,1681.0,112.72,30340.0,,14460.0
72,2022- 06- 17,227.4,1702.0,111.0,16450.0,84650.0,11750.0
73,2022- 06- 16,231.8,1709.5,109.58,14330.0,,9710.0
74,2022- 06- 15,228.5,1693.75,108.28,18480.0,,13100.0
75,2022- 06- 14,226.9,1698.5,108.45,19990.0,,2100.0
76,2022- 06- 13,223.45,1707.5,108.0,31280.0,,3010.0
77,2022- 06- 10,228.8,1745.5,107.8,37210.0,,2390.0
78,2022- 06- 09,234.8,1769.0,106.97,19560.0,,4200.0
79,2022- 06- 08,232.0,1740.0,107.85,19470.0,138390.0,4200.0
80,2022- 06- 07,232.35,1728.25,108.42,24490.0,,5650.0
81,2022- 06- 06,237.65,1699.25,109.22,22230.0,82280.0,7400.0
82,2022- 06- 03,232.55,1697.75,110.2,12670.0,,4290.0
83,2022- 06- 02,238.25,1729.25,110.05,14710.0,,4410.0
84,2022- 06- 01,239.4,1690.25,109.8,18910.0,,6620.0
85,2022- 05- 31,231.45,1683.25,107.97,15970.0,147010.0,6980.0
86,2022- 05- 27,229.7,1732.25,110.4,8480.0,93350.0,6560.0
87,2022- 05- 26,226.8,1726.5,111.1,9540.0,144070.0,8300.0
88,2022- 05- 25,217.3,1681.0,109.05,12070.0,,8250.0
89,2022- 05- 24,213.95,1693.0,109.03,8039.999999999999,,9060.0
90,2022- 05- 23,215.95,1687.0,110.38,6630.0,,8880.0
91,2022- 05- 20,216.0,1705.25,108.88,7190.0,,12400.0
92,2022- 05- 19,218.8,1690.5,105.3,8650.0,102890.0,6220.0
93,2022- 05- 18,217.6,1662.75,106.1,18110.0,,11260.0
94,2022- 05- 17,227.2,1678.0,105.15,18760.0,,14700.0
95,2022- 05- 16,224.8,1656.5,103.83,22290.0,,15710.0
96,2022- 05- 13,213.9,1646.5,100.0,19970.0,,560.0
97,2022- 05- 12,215.3,1613.75,100.1,18990.0,,290.0
98,2022- 05- 11,219.9,1606.75,100.92,29970.0,,240.0
99,2022- 05- 10,203.8,1592.25,101.08,16180.0,,300.0
100,2022- 05- 09,206.1,1585.25,100.88,23740.0,96280.0,580.0
101,2022- 05- 06,210.45,1622.0,102.2,25900.0,74870.0,500.0
102,2022- 05- 05,217.25,1647.0,102.8,14910.0,81210.0,170.0
103,2022- 05- 04,220.8,1646.12,102.6,14530.0,,420.0
104,2022- 05- 03,217.95,1630.5,99.78,14440.0,,560.0
105,2022- 05- 02,215.9,1645.25,99.88,14640.0,98830.0,580.0
106,2022- 04- 29,222.1,1685.38,100.9,14480.0,,1040.0
107,2022- 04- 28,217.6,1684.75,103.97,14570.0,,290.0
108,2022- 04- 27,215.55,1692.75,104.17,16140.0,119530.0,390.0
109,2022- 04- 26,221.15,1672.38,105.2,12530.0,,530.0
110,2022- 04- 25,220.7,1675.25,107.8,12970.0,,500.0
111,2022- 04- 22,227.15,1716.0,111.85,13250.0,,710.0
112,2022- 04- 21,228.1,1748.25,110.85,19220.0,,280.0
113,2022- 04- 20,219.45,1746.75,112.47,20820.0,,400.0
114,2022- 04- 19,221.7,1716.5,114.7,22400.0,,570.0
115,2022- 04- 18,223.75,1714.75,116.53,15140.0,,240.0
116,2022- 04- 14,223.75,1682.25,99.88,27090.0,78740.0,940.0
117,2022- 04- 13,225.15,1676.0,99.9,40280.0,,2340.0
118,2022- 04- 12,233.55,1670.25,99.62,26570.0,,2009.9999999999998
119,2022- 04- 11,236.55,1655.25,98.42,31080.0,,2090.0
120,2022- 04- 08,231.55,1689.0,99.03,26770.0,,2100.0
121,2022- 04- 07,226.15,1645.5,99.05,24960.0,,3920.0
122,2022- 04- 06,227.6,1618.75,98.75,24040.0,,4370.0
123,2022- 04- 05,231.25,1631.0,97.67,16970.0,,5780.0
124,2022- 04- 04,230.6,1602.25,99.45,13370.0,,7090.0
125,2022- 04- 01,228.45,1582.75,101.3,8840.0,,4740.0
126,2022- 03- 31,226.45,1618.25,101.75,9990.0,,7000.0
127,2022- 03- 30,221.9,1664.0,104.53,9810.0,,6870.0
128,2022- 03- 29,215.8,1643.0,106.05,7260.0,,6100.0
129,2022- 03- 28,214.7,1664.25,107.58,15740.0,,6480.0
130,2022- 03- 25,221.8,1710.25,107.47,5670.0,,13360.0
131,2022- 03- 24,221.7,1700.75,102.78,6790.0,,6140.0
132,2022- 03- 23,225.1,1718.75,102.55,7300.0,,9520.0
133,2022- 03- 22,224.85,1696.5,100.25,7770.0,,6450.0
134,2022- 03- 21,224.65,1691.0,100.62,13990.0,,10180.0
135,2022- 03- 18,220.05,1668.0,99.4,14280.0,,12480.0
136,2022- 03- 17,216.1,1668.5,100.35,15570.0,,13590.0
137,2022- 03- 16,217.5,1649.25,102.38,19740.0,,14740.0
138,2022- 03- 15,211.15,1658.75,102.4,23720.0,,10090.0
139,2022- 03- 14,218.8,1687.25,102.2,17810.0,,16070.0
140,2022- 03- 11,221.95,1690.75,102.72,14460.0,,24820.0
141,2022- 03- 10,224.2,1700.0,100.1,23050.0,,27940.0
142,2022- 03- 09,229.3,1686.5,101.15,18940.0,,27510.0
143,2022- 03- 08,232.9,1704.5,102.92,23560.0,,27010.0
144,2022- 03- 07,224.25,1674.25,100.28,21090.0,,34030.0
145,2022- 03- 04,224.25,1676.25,100.45,22250.0,,31920.0
146,2022- 03- 03,222.9,1680.25,105.2,28230.0,,20330.0
147,2022- 03- 02,229.2,1677.5,106.3,24430.0,,19880.0
148,2022- 03- 01,236.0,1705.5,106.2,17860.0,,19510.0
149,2022- 02- 28,232.9,1644.25,103.5,19170.0,,18930.0
150,2022- 02- 25,238.65,1590.25,103.67,17190.0,,20690.0
151,2022- 02- 24,237.9,1661.5,105.53,22530.0,,23890.0
152,2022- 02- 23,247.55,1675.0,108.03,15050.0,,27720.0
153,2022- 02- 22,247.25,1635.0,112.08,14280.0,,19560.0
154,2022- 02- 18,246.0,1601.5,109.4,18320.0,107150.0,17620.0
155,2022- 02- 17,250.65,1592.0,107.58,11450.0,,16550.0
156,2022- 02- 16,252.7,1587.5,105.4,25320.0,,15990.0
157,2022- 02- 15,251.75,1551.25,104.15,24730.0,,16860.0
158,2022- 02- 14,247.9,1570.0,91.62,27580.0,,1790.0
159,2022- 02- 11,252.05,1583.0,90.5,32860.0,,2520.0
160,2022- 02- 10,255.25,1574.25,90.17,33170.0,,3080.0
161,2022- 02- 09,258.45,1594.75,90.22,49600.0,,3750.0
162,2022- 02- 08,249.4,1569.0,90.33,44740.0,176070.0,7240.0
163,2022- 02- 07,242.3,1581.75,87.7,18490.0,,7730.0
164,2022- 02- 04,242.45,1553.5,87.03,19460.0,,6920.0
165,2022- 02- 03,244.5,1544.25,86.45,19060.0,,7560.0
166,2022- 02- 02,239.5,1545.25,87.35,14330.0,,8600.0
167,2022- 02- 01,237.3,1528.5,88.15,22040.0,,8210.0
168,2022- 01- 31,235.5,1490.5,88.47,15490.0,,4640.0
169,2022- 01- 28,236.45,1470.0,87.92,10840.0,,7410.0
170,2022- 01- 27,232.65,1448.25,87.03,21130.0,,6600.0
171,2022- 01- 26,239.25,1440.0,88.03,6750.0,,6050.0
172,2022- 01- 25,238.15,1407.25,87.45,15710.0,,5650.0
173,2022- 01- 24,233.25,1403.0,86.33,23030.0,,8170.0
174,2022- 01- 21,238.1,1414.25,86.2,12610.0,,9130.0
175,2022- 01- 20,243.8,1425.75,84.92,10090.0,,18130.0
176,2022- 01- 19,244.45,1391.25,82.3,8430.0,,11550.0
177,2022- 01- 18,239.5,1361.25,81.6,10640.0,,13290.0
178,2022- 01- 14,239.55,1356.75,80.9,8400.0,40.0,20750.0
179,2022- 01- 13,236.95,1365.25,77.85,9290.0,420.0,25690.0
180,2022- 01- 12,240.65,1391.25,78.85,10540.0,290.0,23050.0
181,2022- 01- 11,237.0,1376.75,77.85,8340.0,60.0,27280.0
182,2022- 01- 10,234.95,1374.75,78.38,8310.0,,32540.0
183,2022- 01- 07,238.3,1401.5,79.65,10020.0,,36380.0
184,2022- 01- 06,231.85,1377.25,82.95,7520.0,,23690.0
185,2022- 01- 05,231.8,1384.25,82.28,6640.0,,21710.0
186,2022- 01- 04,231.8,1378.75,80.15,8400.0,,25480.0
187,2022- 01- 03,223.3,1344.0,81.12,6460.0,,12430.0
188,2021- 12- 31,226.0,1328.75,81.47,7570.0,,13870.0
189,2021- 12- 30,228.8,1327.75,82.7,3380.0,,10970.0
190,2021- 12- 29,228.95,1356.5,83.83,2700.0,,14800.0
191,2021- 12- 28,225.65,1359.25,82.62,3140.0,,13470.0
192,2021- 12- 27,227.1,1362.5,83.65,2410.0,,9970.0
193,2021- 12- 23,231.1,1332.0,83.22,3070.0,60010.0,10640.0
194,2021- 12- 22,233.4,1328.75,83.35,3990.0,,17570.0
195,2021- 12- 21,228.2,1308.0,82.42,6490.0,,26850.0
196,2021- 12- 20,224.1,1292.25,79.47,21990.0,,12990.0
197,2021- 12- 17,234.75,1285.25,80.8,10480.0,,15350.0
198,2021- 12- 16,236.85,1277.25,80.35,14260.0,,11460.0
199,2021- 12- 15,237.3,1262.5,79.33,17260.0,,11720.0
200,2021- 12- 14,237.15,1259.5,72.18,12350.0,,1340.0
201,2021- 12- 13,236.7,1244.0,72.28,15050.0,,2610.0
202,2021- 12- 10,232.6,1267.75,73.05,23390.0,,3180.0
203,2021- 12- 09,240.2,1264.5,72.43,17140.0,,4750.0
204,2021- 12- 08,244.2,1261.0,70.83,15630.0,,4870.0
205,2021- 12- 07,243.3,1250.25,72.08,23380.0,,7510.0
206,2021- 12- 06,249.85,1261.5,72.05,21790.0,,9030.0
207,2021- 12- 03,243.35,1267.25,74.0,17780.0,,5330.0
208,2021- 12- 02,236.6,1244.25,74.4,15710.0,,8160.0
209,2021- 12- 01,233.25,1228.25,73.62,19030.0,105480.0,7650.0
210,2021- 11- 30,232.3,1217.25,73.38,24690.0,,11120.0
211,2021- 11- 29,233.0,1241.5,72.4,31190.0,,7650.0
212,2021- 11- 26,242.95,1252.75,73.2,19190.0,,7670.0
213,2021- 11- 24,245.4,1266.5,75.42,22240.0,72910.0,7580.0
214,2021- 11- 23,242.05,1273.0,74.15,25160.0,,7440.0
215,2021- 11- 22,231.3,1274.25,74.65,14990.0,,6830.0
216,2021- 11- 19,233.4,1263.25,73.75,24780.0,,13940.0
217,2021- 11- 18,229.15,1265.5,75.1,31070.0,,10850.0
218,2021- 11- 17,234.75,1277.0,76.17,34350.0,,14830.0
219,2021- 11- 16,224.5,1251.25,77.72,24320.0,,17570.0
220,2021- 11- 15,225.0,1257.25,75.8,33010.0,,11670.0
221,2021- 11- 12,221.95,1234.0,75.88,45230.0,,22760.0
222,2021- 11- 11,213.3,1212.25,75.38,39470.0,,23150.0
223,2021- 11- 10,206.7,1203.5,75.7,30510.0,,32040.0
224,2021- 11- 09,208.65,1199.5,74.95,34650.0,,23640.0
225,2021- 11- 08,202.45,1178.0,76.38,33550.0,,17770.0
226,2021- 11- 05,206.4,1192.25,76.55,33290.0,780.0,21930.0
227,2021- 11- 04,211.45,1209.25,77.88,22550.0,2680.0,21790.0
228,2021- 11- 03,212.15,1231.5,75.95,19900.0,1260.0,16390.0
229,2021- 11- 02,210.85,1244.0,74.25,19850.0,2000.0,18590.0
230,2021- 11- 01,211.45,1236.75,76.15,14330.0,3900.0,16690.0
231,2021- 10- 29,206.65,1235.75,76.07,13780.0,10990.0,25670.0
232,2021- 10- 28,202.7,1233.75,75.2,13320.0,73200.0,21870.0
233,2021- 10- 27,204.05,1239.25,71.97,16740.0,122470.0,15610.0
234,2021- 10- 26,210.7,1238.0,72.57,11330.0,94350.0,14550.0
235,2021- 10- 25,205.15,1237.25,74.2,14380.0,137470.0,11040.0
236,2021- 10- 22,202.6,1220.5,73.32,8970.0,176320.0,17060.0
237,2021- 10- 21,206.15,1224.0,73.2,19990.0,105790.0,22860.0
238,2021- 10- 20,208.35,1245.5,76.03,11060.0,134400.0,18610.0
239,2021- 10- 19,207.0,1228.0,77.4,9190.0,139460.0,11370.0
240,2021- 10- 18,204.35,1221.5,78.75,13300.0,99060.0,10970.0
241,2021- 10- 15,206.25,1217.75,78.28,7580.0,111810.0,13470.0
242,2021- 10- 14,212.15,1206.25,88.2,4720.0,127040.0,2300.0
243,2021- 10- 13,211.6,1195.25,88.65,10050.0,186730.0,2810.0
244,2021- 10- 12,216.05,1198.25,89.07,11150.0,183780.0,3500.0
245,2021- 10- 11,207.2,1228.25,89.95,5070.0,112210.0,2560.0
246,2021- 10- 08,204.25,1243.0,90.25,8410.0,143590.0,2980.0
247,2021- 10- 07,200.8,1247.25,89.85,11230.0,120770.0,4800.0
248,2021- 10- 06,196.4,1242.0,89.62,3630.0,83890.0,5260.0
249,2021- 10- 05,194.85,1250.5,90.97,9740.0,119390.0,4150.0
250,2021- 10- 04,203.25,1235.75,90.8,6610.0,111360.0,7340.0
251,2021- 10- 01,206.9,1246.5,92.3,11980.0,117450.0,4420.0
252,2021- 09- 30,196.8,1256.0,91.6,7850.0,202390.0,5040.0
253,2021- 09- 29,196.25,1283.75,90.8,4420.0,91810.0,6880.0
254,2021- 09- 28,201.45,1277.0,91.67,5820.0,88020.0,12050.0
255,2021- 09- 27,196.45,1287.5,90.25,4520.0,96610.0,9330.0
256,2021- 09- 24,197.15,1285.0,87.28,5940.0,64910.0,10970.0
257,2021- 09- 23,193.4,1284.25,84.75,7200.0,70610.0,7100.0
258,2021- 09- 22,187.65,1282.75,83.85,4059.9999999999995,75670.0,6430.0
259,2021- 09- 21,186.15,1274.0,84.38,5490.0,78940.0,7410.0
260,2021- 09- 20,182.6,1262.5,84.97,15530.0,94110.0,9870.0
261,2021- 09- 17,186.4,1284.0,85.72,18120.0,72390.0,11550.0
262,2021- 09- 16,188.15,1296.0,85.47,15020.0,75850.0,20620.0
263,2021- 09- 15,187.35,1294.5,82.28,13070.0,91390.0,20840.0
264,2021- 09- 14,185.45,1276.5,80.38,16980.0,50.0,29730.0
265,2021- 09- 13,186.8,1272.5,80.78,14740.0,20.0,37240.0
266,2021- 09- 10,188.05,1275.25,82.45,14290.0,50.0,39980.0
267,2021- 09- 09,187.45,1258.75,85.47,20900.0,180.0,40110.0
268,2021- 09- 08,190.2,1270.75,87.38,16840.0,30.0,30330.0
269,2021- 09- 07,193.95,1268.75,88.1,17340.0,30.0,19550.0
270,2021- 09- 03,193.0,1283.0,89.58,17600.0,60.0,12480.0
271,2021- 09- 02,194.35,1279.25,89.85,18280.0,350.0,14770.0
272,2021- 09- 01,195.65,1277.75,90.15,17350.0,660.0,19570.0
273,2021- 08- 31,195.9,1298.75,88.8,28550.0,1680.0,19430.0
274,2021- 08- 30,199.9,1304.75,90.15,23590.0,7250.0,16250.0
275,2021- 08- 27,192.2,1359.25,90.72,22570.0,16510.0,23060.0
276,2021- 08- 26,188.0,1367.5,87.9,12970.0,23770.0,14080.0
277,2021- 08- 25,186.35,1346.0,88.75,14860.0,24440.0,15950.0
278,2021- 08- 24,185.75,1337.0,86.97,16930.0,25600.0,16510.0
279,2021- 08- 23,181.85,1294.0,87.47,10290.0,13920.0,16059.999999999998
280,2021- 08- 20,181.5,1293.75,88.62,21590.0,18270.0,17720.0
281,2021- 08- 19,181.3,1323.0,86.92,27040.0,17630.0,17600.0
282,2021- 08- 18,182.85,1358.25,89.1,16800.0,10180.0,13400.0
283,2021- 08- 17,182.0,1369.0,87.9,28840.0,12020.0,13390.0
284,2021- 08- 16,186.25,1376.0,89.0,26630.0,13440.0,21290.0
285,2021- 08- 13,185.75,1424.25,109.8,30850.0,40.0,2580.0
286,2021- 08- 12,189.6,1401.5,110.12,40630.0,40.0,2610.0
287,2021- 08- 11,187.0,1405.5,109.62,27010.0,290.0,2830.0
288,2021- 08- 10,185.1,1447.5,109.67,27560.0,810.0,3560.0
289,2021- 08- 09,182.45,1433.75,108.9,20120.0,450.0,4730.0
290,2021- 08- 06,179.05,1422.25,108.75,19970.0,960.0,5790.0
291,2021- 08- 05,179.9,1402.5,109.47,17070.0,1250.0,5330.0
292,2021- 08- 04,178.7,1403.5,109.47,14410.0,2840.0,5880.0
293,2021- 08- 03,177.85,1392.25,109.08,14470.0,2290.0,9040.0
294,2021- 08- 02,175.75,1418.75,107.5,26550.0,1150.0,5590.0
295,2021- 07- 30,182.45,1414.75,106.2,22240.0,2970.0,6170.0
296,2021- 07- 29,199.3,1434.25,106.3,17600.0,17950.0,6140.0
297,2021- 07- 28,203.35,1432.0,105.7,19620.0,21550.0,9650.0
298,2021- 07- 27,204.6,1418.25,107.47,16530.0,22130.0,7420.0
299,2021- 07- 26,210.7,1412.75,107.4,21480.0,25880.0,7030.0
300,2021- 07- 23,191.95,1401.0,107.35,22380.0,23500.0,7900.0
301,2021- 07- 22,196.6,1416.25,106.65,23620.0,30710.0,12520.0
302,2021- 07- 21,178.9,1439.25,106.58,17720.0,21430.0,11780.0
303,2021- 07- 20,166.8,1443.5,105.0,44830.0,33660.0,11470.0
304,2021- 07- 19,156.4,1428.0,104.47,23240.0,24480.0,16870.0
305,2021- 07- 16,161.35,1454.75,105.65,26480.0,31630.0,16090.0
306,2021- 07- 15,157.05,1447.5,112.12,14250.0,30130.0,870.0
307,2021- 07- 14,156.6,1467.75,112.38,14850.0,30.0,2330.0
308,2021- 07- 13,152.25,1438.0,112.25,13020.0,170.0,2870.0
309,2021- 07- 12,154.0,1432.5,112.47,18670.0,110.0,2870.0
310,2021- 07- 09,151.5,1404.0,111.0,14530.0,330.0,3430.0
311,2021- 07- 08,152.25,1390.25,110.1,22960.0,510.0,4260.0
312,2021- 07- 07,149.95,1386.5,109.15,21580.0,800.0,4800.0
313,2021- 07- 06,148.1,1363.75,109.92,33310.0,590.0,5330.0
314,2021- 07- 02,153.05,1451.75,108.65,17390.0,1540.0,5070.0
315,2021- 07- 01,156.4,1446.75,107.3,30770.0,2180.0,11330.0
316,2021- 06- 30,159.75,1450.0,107.47,17610.0,4560.0,6820.0
317,2021- 06- 29,160.2,1359.75,106.97,18270.0,20510.0,6110.0
318,2021- 06- 28,162.7,1357.0,104.95,24050.0,51280.0,7000.0
319,2021- 06- 25,157.8,1329.75,101.95,17530.0,97440.0,7800.0
320,2021- 06- 24,153.4,1371.25,100.03,13740.0,57350.0,17050.0
321,2021- 06- 23,153.9,1385.0,104.53,14100.0,65950.0,11360.0
322,2021- 06- 22,152.1,1394.5,107.53,16079.999999999998,67600.0,11510.0
323,2021- 06- 21,154.05,1415.0,107.05,23800.0,64080.0,15400.0
324,2021- 06- 18,151.95,1396.0,108.67,28560.0,100860.0,21640.0
325,2021- 06- 17,151.6,1329.75,111.0,26090.0,121980.0,19950.0
326,2021- 06- 16,155.45,1448.5,115.5,23230.0,74800.0,17660.0
327,2021- 06- 15,153.25,1465.75,118.5,30470.0,103080.0,14210.0
328,2021- 06- 14,156.2,1472.25,122.88,35270.0,106170.0,1900.0
329,2021- 06- 11,159.6,1508.5,122.67,27950.0,155420.0,2700.0
330,2021- 06- 10,160.8,1544.0,122.45,29990.0,144530.0,4070.0000000000005
331,2021- 06- 09,159.3,1562.5,121.95,22280.0,117030.0,5690.0
332,2021- 06- 08,159.85,1580.0,120.7,26930.0,141920.0,5150.0
333,2021- 06- 07,162.2,1560.25,119.9,27920.0,145330.0,8020.0
334,2021- 06- 04,163.65,1583.75,119.5,17240.0,80380.0,7170.0
335,2021- 06- 03,159.65,1549.25,119.38,16720.0,91790.0,5980.0
336,2021- 06- 02,163.15,1562.5,118.25,11000.0,93700.0,8400.0
337,2021- 06- 01,163.05,1548.5,118.62,18510.0,97370.0,8520.0
338,2021- 05- 28,164.3,1530.5,117.25,16450.0,74560.0,10090.0
339,2021- 05- 27,157.3,1537.0,115.72,13940.0,87610.0,7060.0
340,2021- 05- 26,157.65,1503.5,115.28,9590.0,101220.0,8180.0
341,2021- 05- 25,152.45,1511.75,115.25,7250.0,98160.0,13190.0
342,2021- 05- 24,151.0,1522.75,113.35,4580.0,78380.0,9570.0
343,2021- 05- 21,152.1,1526.25,114.22,4340.0,87020.0,14160.0
344,2021- 05- 20,152.95,1533.25,112.25,6710.0,74950.0,16190.000000000002
345,2021- 05- 19,152.9,1538.25,110.95,7340.0,125740.0,12980.0
346,2021- 05- 18,152.8,1574.25,110.65,22290.0,100080.0,20810.0
347,2021- 05- 17,145.75,1587.5,108.65,14920.0,84850.0,15750.0
348,2021- 05- 14,145.0,1603.75,111.15,16720.0,20.0,210.0
349,2021- 05- 13,146.4,1612.25,111.47,16900.0,200.0,330.0
350,2021- 05- 12,146.5,1660.5,111.8,19250.0,170.0,210.0
351,2021- 05- 11,150.1,1637.5,111.47,20130.0,130.0,290.0
352,2021- 05- 10,148.05,1620.0,111.9,18900.0,400.0,230.0
353,2021- 05- 07,152.9,1621.0,111.97,24250.0,510.0,380.0
354,2021- 05- 06,154.3,1605.5,111.4,34400.0,590.0,360.0
355,2021- 05- 05,149.85,1582.0,111.38,31410.0,630.0,320.0
356,2021- 05- 04,140.35,1577.0,111.15,14980.0,1620.0,460.0
357,2021- 05- 03,140.25,1560.25,110.7,15620.0,1620.0,410.0
358,2021- 04- 30,141.45,1571.0,110.12,20420.0,4670.0,460.0
359,2021- 04- 29,143.0,1542.5,108.72,17430.0,22540.0,700.0
360,2021- 04- 28,145.85,1557.75,111.28,17310.0,66000.0,540.0
361,2021- 04- 27,145.9,1549.75,109.8,28530.0,77710.0,590.0
362,2021- 04- 26,143.35,1569.0,109.25,30560.0,84660.0,350.0
363,2021- 04- 23,138.5,1539.75,109.35,28490.0,112190.0,380.0
364,2021- 04- 22,136.15,1533.25,107.45,15290.0,115380.0,470.0
365,2021- 04- 21,134.2,1497.25,107.6,22150.0,88610.0,600.0
366,2021- 04- 20,134.45,1472.0,108.08,24100.0,91630.0,470.0
367,2021- 04- 19,131.9,1449.75,105.65,21210.0,78230.0,440.0
368,2021- 04- 16,131.2,1433.25,102.47,25400.0,88560.0,980.0
369,2021- 04- 15,134.7,1418.25,103.4,29040.0,85080.0,1830.0
370,2021- 04- 14,134.05,1410.0,103.6,28780.0,113550.0,4250.0
371,2021- 04- 13,131.95,1389.5,103.4,33000.0,119430.0,3600.0
372,2021- 04- 12,130.0,1382.0,103.53,25560.0,134730.0,5230.0
373,2021- 04- 09,129.15,1403.0,103.47,22350.0,113730.0,5000.0
374,2021- 04- 08,129.75,1415.25,103.47,23110.0,98190.0,5840.0
375,2021- 04- 07,128.7,1408.75,102.88,16040.0,84840.0,5820.0
376,2021- 04- 06,128.7,1418.75,102.1,20840.0,81200.0,7110.0
377,2021- 04- 05,124.05,1412.75,102.4,11630.0,63980.0,5050.0
378,2021- 04- 01,123.55,1402.0,101.78,17870.0,169780.0,5640.0
379,2021- 03- 31,125.4,1436.75,101.05,18070.0,128590.0,4480.0
380,2021- 03- 30,124.65,1366.75,100.92,13270.0,96930.0,6730.0
381,2021- 03- 29,129.05,1393.0,100.38,6400.0,98530.0,6670.0
382,2021- 03- 26,130.5,1400.5,100.8,9610.0,100390.0,7560.0
383,2021- 03- 25,128.65,1414.25,99.67,11690.0,104660.0,8570.0
384,2021- 03- 24,128.55,1432.75,97.78,8860.0,78100.0,8750.0
385,2021- 03- 23,129.65,1423.25,96.47,6810.0,108200.0,7730.0
386,2021- 03- 22,132.1,1417.5,95.05,8290.0,77290.0,6600.0
387,2021- 03- 19,129.0,1416.25,94.25,19950.0,86780.0,8680.0
388,2021- 03- 18,129.95,1392.25,94.3,20650.0,93490.0,15870.0
389,2021- 03- 17,133.55,1417.75,93.67,11310.0,69410.0,14770.0
390,2021- 03- 16,134.5,1423.25,92.9,18040.0,71220.0,14380.0
391,2021- 03- 15,132.1,1419.5,90.55,16880.0,82220.0,16530.0
392,2021- 03- 12,133.0,1415.75,91.4,13310.0,30.0,15110.0
393,2021- 03- 11,132.35,1415.5,91.5,12470.0,180.0,28000.0
394,2021- 03- 10,130.85,1411.5,88.78,18400.0,340.0,24210.0
395,2021- 03- 09,130.4,1441.25,88.35,25350.0,190.0,24950.0
396,2021- 03- 08,129.15,1437.75,87.3,16730.0,150.0,24570.0
397,2021- 03- 05,128.85,1434.25,87.17,23580.0,170.0,23280.0
398,2021- 03- 04,132.15,1415.25,87.3,19180.0,390.0,23200.0
399,2021- 03- 03,132.8,1410.75,87.92,14520.0,620.0,26370.0
400,2021- 03- 02,133.85,1414.0,85.35,19950.0,680.0,27490.0
401,2021- 03- 01,135.8,1392.5,87.72,27040.0,1260.0,19700.0
402,2021- 02- 26,137.5,1405.25,87.15,30150.0,5700.0,26430.0
403,2021- 02- 25,140.05,1406.0,89.75,30550.0,44670.0,18680.0
404,2021- 02- 24,137.25,1423.75,89.42,23280.0,66140.0,20010.0
405,2021- 02- 23,138.3,1406.0,86.42,36270.0,88640.0,14680.0
406,2021- 02- 22,134.95,1383.75,85.12,42100.0,124120.0,12790.0
407,2021- 02- 19,129.15,1377.25,84.5,16410.0,140820.0,14470.0
408,2021- 02- 18,129.3,1375.0,84.92,20300.0,114630.0,13900.0
409,2021- 02- 17,127.4,1383.75,84.9,30000.0,75860.0,17270.0
410,2021- 02- 16,126.2,1384.75,86.17,34310.0,115890.0,16250.0
411,2021- 02- 12,123.05,1372.0,74.0,25040.0,89710.0,830.0
412,2021- 02- 11,123.05,1367.5,74.03,29710.0,133480.0,2770.0
413,2021- 02- 10,123.15,1354.0,73.55,35260.0,171260.0,3760.0
414,2021- 02- 09,125.0,1401.75,72.6,23880.0,183990.0,3140.0
415,2021- 02- 08,126.25,1387.75,72.17,22770.0,132810.0,4270.0
416,2021- 02- 05,126.65,1366.75,70.97,20690.0,125250.0,5210.0
417,2021- 02- 04,126.15,1372.5,71.03,22580.0,105600.0,7860.0
418,2021- 02- 03,126.1,1371.25,72.38,11970.0,104410.0,7430.0
419,2021- 02- 02,125.55,1354.75,71.55,11830.0,101230.0,8000.0
420,2021- 02- 01,127.4,1365.25,69.55,16840.0,122610.0,5810.0
421,2021- 01- 29,125.0,1370.0,69.8,9770.0,140140.0,6040.0
422,2021- 01- 28,126.1,1353.25,69.95,9520.0,147310.0,6320.0
423,2021- 01- 27,127.55,1374.75,70.58,9230.0,176960.0,8150.0
424,2021- 01- 26,126.6,1370.25,70.45,8880.0,116570.0,9170.0
425,2021- 01- 25,125.4,1343.5,70.62,8220.0,150390.0,7840.0
426,2021- 01- 22,126.2,1311.75,69.92,8490.0,203990.0,12220.0
427,2021- 01- 21,128.5,1370.25,68.1,7570.0,118980.0,10160.0
428,2021- 01- 20,127.3,1369.5,68.42,7630.0,182300.0,13760.0
429,2021- 01- 19,129.25,1385.75,66.47,7930.0,129340.0,12510.0
430,2021- 01- 15,130.25,1416.75,67.92,13200.0,102080.0,21370.0
431,2021- 01- 14,129.4,1436.5,66.3,9060.0,10.0,26500.0
432,2021- 01- 13,127.25,1411.0,66.85,10550.0,240.0,34420.0
433,2021- 01- 12,123.45,1422.0,68.5,7990.0,330.0,25570.0
434,2021- 01- 11,123.55,1374.5,68.47,9510.0,370.0,23700.0
435,2021- 01- 08,125.75,1375.75,68.7,10070.0,810.0,23620.0
436,2021- 01- 07,123.1,1360.5,69.12,7710.0,1100.0,16010.000000000002
437,2021- 01- 06,122.95,1365.25,69.78,9970.0,880.0,20470.0
438,2021- 01- 05,127.1,1350.0,70.92,6710.0,1190.0,18960.0
439,2021- 01- 04,128.1,1316.5,71.22,8840.0,2420.0,24530.0
440,2020- 12- 31,130.15,1315.25,70.28,4380.0,3630.0,24320.0
441,2020- 12- 30,127.3,1303.75,67.6,3910.0,24630.0,18180.0
442,2020- 12- 29,127.3,1295.5,67.2,3650.0,43280.0,12890.0
443,2020- 12- 28,125.3,1255.25,66.5,4480.0,56760.0,10220.0
444,2020- 12- 24,127.85,1263.5,66.95,1840.0,41310.0,8620.0
445,2020- 12- 23,126.45,1258.75,67.85,3310.0,93380.0,16120.000000000002
446,2020- 12- 22,126.15,1247.25,66.03,5720.0,102550.0,10420.0
447,2020- 12- 21,126.2,1243.25,65.92,5780.0,129150.0,9820.0
448,2020- 12- 18,125.25,1220.0,65.8,17940.0,110920.0,8870.0
449,2020- 12- 17,126.6,1201.25,65.5,13350.0,125030.0,10150.0
450,2020- 12- 16,126.6,1183.75,65.97,17600.0,122890.0,13960.0
451,2020- 12- 15,124.65,1184.25,66.45,21700.0,128710.00000000001,14260.0
452,2020- 12- 14,126.15,1169.5,64.9,23900.0,102000.0,1600.0
453,2020- 12- 11,121.6,1160.5,64.67,15850.0,129419.99999999999,3800.0
454,2020- 12- 10,121.05,1152.75,64.8,21440.0,202110.0,2970.0
455,2020- 12- 09,117.05,1158.5,65.12,13620.0,121500.0,3130.0
456,2020- 12- 08,119.25,1145.75,64.55,14290.0,176570.0,3430.0
457,2020- 12- 07,119.1,1158.5,64.5,20660.0,165900.0,4650.0
458,2020- 12- 04,117.55,1163.0,65.88,15440.0,98160.0,6890.0
459,2020- 12- 03,120.05,1168.25,66.03,13550.0,93900.0,4990.0
460,2020- 12- 02,119.1,1153.0,66.35,21390.0,134260.0,5300.0
461,2020- 12- 01,118.45,1162.0,66.97,26350.0,109300.0,6010.0
462,2020- 11- 30,123.3,1168.5,67.58,24200.0,127700.0,8550.0
463,2020- 11- 27,124.2,1191.75,65.88,27250.0,49080.0,3400.0
464,2020- 11- 25,117.15,1184.0,66.17,15720.0,85400.0,6010.0
465,2020- 11- 24,115.9,1191.25,65.3,15520.0,126040.0,7370.0
466,2020- 11- 23,117.05,1191.5,64.95,19090.0,113190.0,11410.0
467,2020- 11- 20,118.05,1181.0,64.12,26480.0,149970.0,10220.0
468,2020- 11- 19,123.2,1177.5,63.7,22190.0,130560.0,9880.0
469,2020- 11- 18,122.85,1175.75,65.8,38610.0,165850.0,6870.0
470,2020- 11- 17,119.5,1169.75,65.53,38860.0,148050.0,13780.0
471,2020- 11- 16,118.75,1153.5,65.15,36930.0,93940.0,12600.0
472,2020- 11- 13,112.2,1141.5,64.9,20580.0,130.0,18180.0
473,2020- 11- 12,112.95,1137.0,65.8,31340.0,450.0,26880.0
474,2020- 11- 11,111.95,1143.25,64.8,30530.0,490.0,27210.0
475,2020- 11- 10,110.0,1138.25,65.12,30360.0,580.0,24090.0
476,2020- 11- 09,109.55,1105.0,65.6,23830.0,810.0,25740.0
477,2020- 11- 06,109.45,1098.5,64.9,21940.0,1030.0,32110.0
478,2020- 11- 05,108.45,1101.75,67.42,24020.0,2009.9999999999998,18710.0
479,2020- 11- 04,105.65,1079.0,66.35,13110.0,1300.0,13320.0
480,2020- 11- 03,106.05,1059.0,65.4,16720.0,2660.0,15740.0
481,2020- 11- 02,105.35,1050.75,65.95,14210.0,3660.0,16750.0
482,2020- 10- 30,106.85,1056.5,65.58,13570.0,12670.0,18180.0
483,2020- 10- 29,107.2,1051.75,65.62,12140.0,63850.0,18260.0
484,2020- 10- 28,107.7,1057.25,66.38,9340.0,100100.0,15590.0
485,2020- 10- 27,109.55,1082.25,67.65,8770.0,111440.0,16970.0
486,2020- 10- 26,109.35,1087.75,67.75,10590.0,111050.0,18180.0
487,2020- 10- 23,108.4,1083.75,67.03,6260.0,173840.0,14250.0
488,2020- 10- 22,109.4,1073.75,66.2,11370.0,149120.0,21220.0
489,2020- 10- 21,107.0,1072.0,69.2,8300.0,127980.0,19550.0
490,2020- 10- 20,107.8,1064.0,69.25,10330.0,120570.0,24150.0
491,2020- 10- 19,108.95,1054.25,71.42,9250.0,117720.0,30550.0
492,2020- 10- 16,110.0,1050.0,69.8,7020.0,138420.0,17730.0
493,2020- 10- 15,112.1,1062.25,69.88,12180.0,158660.0,21380.0
494,2020- 10- 14,112.2,1056.25,78.42,8520.0,161950.0,1770.0
495,2020- 10- 13,112.6,1044.0,77.8,9280.0,171630.0,2550.0
496,2020- 10- 12,111.5,1033.75,78.17,8750.0,262220.0,3070.0
497,2020- 10- 09,113.8,1065.5,78.12,9150.0,264050.0,2550.0
498,2020- 10- 08,112.55,1050.0,77.35,9480.0,239780.0,3980.0
499,2020- 10- 07,111.8,1051.0,76.88,10910.0,236410.0,5500.0
500,2020- 10- 06,109.85,1044.0,76.33,9250.0,212110.0,5450.0
501,2020- 10- 05,109.4,1021.5,74.75,10880.0,112440.0,4450.0
502,2020- 10- 02,110.95,1020.75,74.5,13270.0,136560.0,5100.0
503,2020- 10- 01,109.2,1023.5,74.15,16720.0,141790.0,6980.0
504,2020- 09- 30,112.7,1023.5,72.8,11890.0,220270.0,5590.0
505,2020- 09- 29,111.4,993.0,72.38,12400.0,120600.0,7480.0
506,2020- 09- 28,111.25,996.25,72.7,9150.0,117220.0,6210.0
507,2020- 09- 25,115.2,1002.5,71.75,10850.0,115660.0,9090.0
508,2020- 09- 24,112.85,1000.0,69.47,8220.0,175820.0,6330.0
509,2020- 09- 23,112.25,1014.5,69.5,15170.0,135270.0,8310.0
510,2020- 09- 22,112.45,1019.75,68.33,11140.0,169340.0,10660.0
511,2020- 09- 21,113.85,1022.5,65.6,16920.0,198260.0,8470.0
512,2020- 09- 18,113.5,1043.5,66.5,20920.0,177100.0,10560.0
513,2020- 09- 17,118.0,1028.5,66.53,25950.0,259970.00000000003,14930.0
514,2020- 09- 16,119.85,1011.25,65.22,30760.0,176360.0,18710.0
515,2020- 09- 15,121.8,991.5,65.7,44910.0,135850.0,21860.0
516,2020- 09- 14,123.05,1019.25,64.62,33070.0,0.0,30790.0
517,2020- 09- 11,132.45,1005.5,66.58,20340.0,60.0,50630.0
518,2020- 09- 10,131.7,985.0,64.38,23940.0,30.0,18370.0
519,2020- 09- 09,128.85,979.75,61.38,19280.0,60.0,30700.0
520,2020- 09- 08,132.1,973.0,59.9,29010.0,80.0,29290.0
521,2020- 09- 04,134.0,969.5,59.83,26070.0,90.0,23880.0
522,2020- 09- 03,131.2,968.75,59.25,16190.000000000002,320.0,33940.0
523,2020- 09- 02,131.3,962.5,56.4,22780.0,360.0,23440.0
524,2020- 09- 01,131.4,955.0,55.02,28510.0,550.0,18420.0
525,2020- 08- 31,129.05,951.25,53.6,24050.0,1130.0,13110.0
526,2020- 08- 28,126.35,950.5,53.65,19750.0,12100.0,19710.0
527,2020- 08- 27,122.35,937.25,55.73,15650.0,16180.0,11780.0
528,2020- 08- 26,122.1,919.5,55.55,28270.0,15090.0,15650.0
529,2020- 08- 25,122.95,913.75,55.95,20310.0,22500.0,12950.0
530,2020- 08- 24,120.15,899.75,54.6,16710.0,17320.0,14300.0
531,2020- 08- 21,119.8,900.75,54.25,15360.0,26640.0,13370.0
532,2020- 08- 20,118.95,903.0,55.17,19230.0,16780.0,27790.0
533,2020- 08- 19,119.35,912.5,52.55,25770.0,15730.0,11340.0
534,2020- 08- 18,121.05,912.0,51.42,23910.0,34100.0,15600.0
535,2020- 08- 17,117.45,912.5,53.52,18300.0,26200.0,10560.0
536,2020- 08- 14,116.45,903.5,53.83,23980.0,20.0,870.0
537,2020- 08- 13,118.1,907.25,53.7,34680.0,340.0,1870.0
538,2020- 08- 12,114.25,890.5,52.9,29980.0,450.0,3700.0
539,2020- 08- 11,113.6,878.0,53.08,36590.0,280.0,3570.0
540,2020- 08- 10,115.3,876.5,53.12,28430.0,80.0,6280.0
541,2020- 08- 07,117.9,870.25,51.0,32930.0,450.0,5070.0
542,2020- 08- 06,118.95,880.75,49.75,31070.0,210.0,3910.0
543,2020- 08- 05,123.4,882.0,49.45,38090.0,610.0,8510.0
544,2020- 08- 04,123.45,883.75,49.7,27920.0,1120.0,6860.0
545,2020- 08- 03,120.5,897.5,49.88,22830.0,1060.0,8910.0
546,2020- 07- 31,121.6,897.5,52.0,25150.0,5040.0,5690.0
547,2020- 07- 30,118.25,891.75,51.42,23480.0,18190.0,7970.0
548,2020- 07- 29,114.5,891.5,53.08,21720.0,46760.0,8870.0
549,2020- 07- 28,112.6,896.75,54.2,12240.0,45930.0,7630.0
550,2020- 07- 27,113.3,906.5,54.55,16620.0,30190.0,9240.0
551,2020- 07- 24,111.3,904.75,54.0,14000.0,32450.000000000004,8670.0
552,2020- 07- 23,110.3,906.25,54.48,12580.0,27920.0,11710.0
553,2020- 07- 22,111.0,899.25,52.65,17230.0,26710.0,10470.0
554,2020- 07- 21,101.75,896.5,51.48,13940.0,28320.0,10550.0
555,2020- 07- 20,99.75,903.0,50.4,23190.0,27130.0,16450.0
556,2020- 07- 17,102.3,898.0,52.8,18240.0,23350.0,14420.0
557,2020- 07- 16,98.35,893.5,53.65,10180.0,29650.0,29740.0
558,2020- 07- 15,97.2,886.25,47.33,12070.0,29420.0,1460.0
559,2020- 07- 14,97.95,882.25,46.8,10140.0,10.0,1730.0
560,2020- 07- 13,98.65,876.5,46.67,13850.0,20.0,3770.0
561,2020- 07- 10,97.4,891.5,45.98,14280.0,70.0,3440.0
562,2020- 07- 09,98.75,898.25,45.85,12230.0,170.0,5320.0
563,2020- 07- 08,100.0,894.75,44.05,13700.0,370.0,9280.0
564,2020- 07- 07,100.3,895.25,44.52,15950.0,290.0,4230.0
565,2020- 07- 06,98.15,898.5,44.95,23880.0,760.0,4360.0
566,2020- 07- 02,103.2,892.5,44.73,15020.0,790.0,2120.0
567,2020- 07- 01,104.0,893.75,44.8,22240.0,4080.0,3370.0
568,2020- 06- 30,101.0,884.25,45.17,17840.0,10150.0,3290.0
569,2020- 06- 29,100.1,866.5,45.38,34150.0,37710.0,2450.0
570,2020- 06- 26,96.65,865.0,45.27,15720.0,97230.0,6620.0
571,2020- 06- 25,95.8,869.25,46.92,16350.000000000002,69960.0,4400.0
572,2020- 06- 24,97.8,870.75,45.92,16040.0,90930.0,4900.0
573,2020- 06- 23,98.2,875.0,46.9,15090.0,121220.0,6960.0
574,2020- 06- 22,98.0,876.25,46.83,12070.0,94350.0,6520.0
575,2020- 06- 19,95.9,876.5,48.45,23140.0,87950.0,7140.0
576,2020- 06- 18,96.75,873.0,49.9,24680.0,101430.0,8220.0
577,2020- 06- 17,98.15,871.25,49.65,22250.0,115260.0,11480.0
578,2020- 06- 16,95.6,867.0,49.65,21400.0,108920.0,19310.0
579,2020- 06- 15,95.9,869.0,52.27,33820.0,103930.0,13340.0
580,2020- 06- 12,97.0,871.25,48.05,26560.0,134400.0,700.0
581,2020- 06- 11,97.7,866.0,47.98,28070.0,114070.0,1650.0
582,2020- 06- 10,98.55,865.5,47.85,26040.0,117230.0,1590.0
583,2020- 06- 09,99.7,863.25,48.08,24500.0,141210.0,2170.0
584,2020- 06- 08,100.7,864.75,48.58,22940.0,117150.0,2770.0
585,2020- 06- 05,100.65,867.75,47.45,14550.0,138820.0,3040.0
586,2020- 06- 04,99.7,867.75,48.42,10110.0,150610.0,7650.0
587,2020- 06- 03,100.55,857.5,48.65,12600.0,107890.0,6940.0
588,2020- 06- 02,99.75,850.5,52.4,11900.0,125680.0,6910.0
589,2020- 06- 01,100.0,840.5,54.6,19370.0,119170.0,5340.0
590,2020- 05- 29,98.15,840.75,56.85,17170.0,93470.0,5700.0
591,2020- 05- 28,100.9,847.0,56.92,17140.0,82410.0,7600.0
592,2020- 05- 27,104.2,848.5,60.17,13310.0,89190.0,6530.0
593,2020- 05- 26,106.65,847.0,60.5,10860.0,120910.0,6860.0
594,2020- 05- 22,105.2,833.25,58.77,11320.0,95910.0,5040.0
595,2020- 05- 21,106.3,835.0,59.35,11730.0,96030.0,8180.0
596,2020- 05- 20,107.05,846.75,56.88,6780.0,63340.0,5810.0
597,2020- 05- 19,108.4,842.5,56.65,6050.0,71620.0,6190.0
598,2020- 05- 18,107.75,845.0,57.65,17330.0,65170.0,9450.0
599,2020- 05- 15,106.85,838.5,57.88,12530.0,64519.99999999999,11610.0
600,2020- 05- 14,106.7,835.25,68.67,16570.0,50.0,240.0
601,2020- 05- 13,105.05,836.0,68.0,15480.0,40.0,710.0
602,2020- 05- 12,107.35,849.25,68.03,13930.0,60.0,460.0
603,2020- 05- 11,110.75,852.25,66.33,11530.0,160.0,1160.0
604,2020- 05- 08,111.65,848.75,67.3,15780.0,400.0,490.0
605,2020- 05- 07,109.0,841.5,68.8,17610.0,460.0,800.0
606,2020- 05- 06,110.6,830.5,68.1,10170.0,320.0,770.0
607,2020- 05- 05,110.65,838.25,66.15,13180.0,540.0,1300.0
608,2020- 05- 04,107.2,834.0,67.72,10690.0,680.0,1270.0
609,2020- 05- 01,106.1,847.25,62.88,9840.0,2590.0,660.0
610,2020- 04- 30,106.3,850.25,59.12,18580.0,5380.0,1010.0
611,2020- 04- 29,105.3,831.75,56.27,14380.0,32360.0,1070.0
612,2020- 04- 28,107.6,826.0,55.05,11380.0,63300.0,1660.0
613,2020- 04- 27,106.2,829.0,56.27,12510.0,60070.0,1360.0
614,2020- 04- 24,106.75,832.25,52.52,21750.0,68400.0,1290.0
615,2020- 04- 23,112.4,839.25,50.98,13530.0,67540.0,2060.0
616,2020- 04- 22,112.05,834.75,47.23,12760.0,79890.0,1760.0
617,2020- 04- 21,111.5,830.75,44.27,22110.0,85890.0,1080.0
618,2020- 04- 20,115.25,826.5,40.6,16059.999999999998,52380.0,1350.0
619,2020- 04- 17,117.55,832.5,37.92,22430.0,56940.0,470.0
620,2020- 04- 16,119.7,836.75,37.33,16219.999999999998,64480.00000000001,320.0
621,2020- 04- 15,121.2,842.0,45.6,22050.0,111560.0,1810.0
622,2020- 04- 14,118.35,847.0,45.65,20860.0,102330.0,2770.0
623,2020- 04- 13,120.6,854.25,44.9,17580.0,89270.0,4050.0
624,2020- 04- 09,119.75,863.5,42.8,20570.0,105520.0,2770.0
625,2020- 04- 08,120.9,854.5,43.12,18930.0,79060.0,6540.0
626,2020- 04- 07,121.05,854.75,44.12,22140.0,86190.0,6100.0
627,2020- 04- 06,117.9,855.5,41.12,16530.0,68720.0,9550.0
628,2020- 04- 03,116.5,854.25,40.23,13660.0,83590.0,9030.0
629,2020- 04- 02,120.7,858.75,44.7,15220.0,89450.0,8510.0
630,2020- 04- 01,117.35,862.75,49.2,14610.0,91930.0,5820.0
631,2020- 03- 31,120.35,886.0,52.2,11540.0,100920.0,7490.0
632,2020- 03- 30,120.1,882.25,53.95,11120.0,75010.0,10160.0
633,2020- 03- 27,116.75,881.5,58.45,15480.0,85870.0,7700.0
634,2020- 03- 26,124.15,880.25,62.9,14450.0,92600.0,7750.0
635,2020- 03- 25,128.95,881.5,65.85,18600.0,101240.0,7150.0
636,2020- 03- 24,125.4,886.75,66.42,13330.0,101830.0,9790.0
637,2020- 03- 23,122.0,884.0,64.58,16420.0,137560.0,4059.9999999999995
638,2020- 03- 20,119.75,862.5,61.58,14660.0,123550.0,10710.0
639,2020- 03- 19,112.7,843.25,61.15,23500.0,146050.0,8510.0
640,2020- 03- 18,108.3,825.5,58.15,37650.0,131550.0,31380.0
641,2020- 03- 17,102.6,824.25,58.48,21260.0,124050.0,11710.0
642,2020- 03- 16,103.9,821.75,53.98,23650.0,162520.0,29750.0
643,2020- 03- 13,106.75,846.75,56.38,30750.0,10.0,22410.0
644,2020- 03- 12,108.85,855.0,60.88,31440.0,10.0,21340.0
645,2020- 03- 11,112.05,867.75,63.88,23620.0,230.0,25780.0
646,2020- 03- 10,114.35,873.0,65.0,33440.0,380.0,33010.0
647,2020- 03- 09,109.2,863.5,63.0,40020.0,220.0,35590.0
648,2020- 03- 06,107.4,883.25,65.92,30510.0,410.0,28160.0
649,2020- 03- 05,111.35,889.0,65.38,30430.0,290.0,19020.0
650,2020- 03- 04,118.4,898.75,64.3,29220.0,660.0,20320.0
651,2020- 03- 03,122.2,893.0,63.55,51880.0,3010.0,24150.0
652,2020- 03- 02,115.6,890.5,62.8,50690.0,4080.0,19140.0
653,2020- 02- 28,111.35,883.5,62.27,32460.0,11810.0,25830.0
654,2020- 02- 27,109.75,886.25,62.55,36000.0,67400.0,26610.0
655,2020- 02- 26,110.65,881.0,65.15,32990.0,86860.0,18470.0
656,2020- 02- 25,108.5,879.0,64.67,22680.0,56790.0,17020.0
657,2020- 02- 24,106.9,874.25,64.62,31640.0,91250.0,20130.0
658,2020- 02- 21,110.25,890.5,67.03,37330.0,139960.0,12020.0
659,2020- 02- 20,104.95,892.75,66.88,32310.000000000004,99290.0,16760.0
660,2020- 02- 19,109.0,897.25,67.58,37950.0,142100.0,25100.0
661,2020- 02- 18,108.85,892.25,65.5,52070.0,133200.0,22220.0
662,2020- 02- 14,111.35,893.75,55.9,34280.0,130580.00000000001,1160.0
663,2020- 02- 13,106.7,896.25,56.0,44420.0,193430.0,1800.0
664,2020- 02- 12,102.75,892.5,55.67,42690.0,163370.0,2510.0
665,2020- 02- 11,102.55,884.75,56.12,43900.0,134300.0,2940.0
666,2020- 02- 10,102.1,884.25,56.2,41200.0,145120.0,3160.0
667,2020- 02- 07,100.5,882.0,57.1,25880.0,124920.0,5240.0
668,2020- 02- 06,100.35,881.0,57.7,35350.0,110540.0,6810.0
669,2020- 02- 05,99.85,880.0,57.1,31150.0,75260.0,6020.0
670,2020- 02- 04,100.35,879.5,56.75,23550.0,102450.0,5770.0
671,2020- 02- 03,100.2,877.0,56.3,26930.0,138980.0,10200.0
672,2020- 01- 31,104.9,872.5,57.12,16200.0,88320.0,14640.0
673,2020- 01- 30,103.65,876.25,61.3,15540.0,123090.0,12110.0
674,2020- 01- 29,104.25,893.0,64.3,21940.0,77350.0,12120.0
675,2020- 01- 28,107.3,895.0,66.22,15300.0,86750.0,9080.0
676,2020- 01- 27,108.85,897.25,65.95,12090.0,107840.0,17010.0
677,2020- 01- 24,112.4,902.0,67.22,13400.0,77350.0,13160.0
678,2020- 01- 23,114.8,909.5,68.5,11090.0,98540.0,11480.0
679,2020- 01- 22,113.25,913.75,67.55,9830.0,92150.0,7570.0
680,2020- 01- 21,113.35,916.0,67.35,19270.0,119960.0,14520.0
681,2020- 01- 17,114.45,929.75,67.67,7470.0,90940.0,18700.0
682,2020- 01- 16,115.25,924.0,66.88,8119.999999999999,102000.0,15660.0
683,2020- 01- 15,116.65,928.75,67.88,11080.0,119740.0,17420.0
684,2020- 01- 14,117.25,928.5,67.67,9750.0,50.0,35080.0
685,2020- 01- 13,116.9,929.25,65.9,11260.0,80.0,28890.0
686,2020- 01- 10,121.3,935.0,67.25,6600.0,200.0,31730.0
687,2020- 01- 09,119.7,933.75,67.03,13580.0,350.0,36760.0
688,2020- 01- 08,121.45,938.25,69.03,12100.0,580.0,30280.0
689,2020- 01- 07,124.7,935.0,69.22,11760.0,870.0,23540.0
690,2020- 01- 06,124.5,932.75,68.62,10740.0,1520.0,20020.0
691,2020- 01- 03,128.65,930.5,68.55,6740.0,2270.0,25400.0
692,2020- 01- 02,129.4,944.25,71.55,7480.0,2220.0,23800.0
693,2019- 12- 31,131.9,943.0,71.42,5800.0,10930.0,12230.0
694,2019- 12- 30,134.35,939.5,71.8,4660.0,54980.0,18760.0
695,2019- 12- 27,134.65,929.5,70.58,4880.0,72390.0,12700.0
696,2019- 12- 26,129.5,937.75,70.9,2430.0,42300.0,9910.0
697,2019- 12- 24,131.55,936.5,70.7,4980.0,45250.0,8950.0
698,2019- 12- 23,127.5,934.0,70.25,6840.0,100650.0,17340.0
699,2019- 12- 20,132.95,928.25,70.67,5770.0,88300.0,15250.0
700,2019- 12- 19,129.4,924.5,70.97,9120.0,82260.0,18530.0
701,2019- 12- 18,133.2,928.5,69.9,33000.0,98040.0,16050.0
702,2019- 12- 17,133.7,928.75,69.85,46170.0,137660.0,22570.0
703,2019- 12- 16,138.95,922.0,70.5,50220.0,108730.0,22360.0
704,2019- 12- 13,130.9,907.5,60.48,46000.0,167010.0,
705,2019- 12- 12,137.25,898.25,61.0,38980.0,129660.0,4019.9999999999995
706,2019- 12- 11,135.2,893.5,60.7,44610.0,154950.0,4280.0
707,2019- 12- 10,133.3,901.25,60.48,42340.0,100650.0,5200.0
708,2019- 12- 09,128.4,897.25,60.0,38460.0,179220.0,6230.0
709,2019- 12- 06,124.8,889.5,61.12,28510.0,159570.0,6410.0
710,2019- 12- 05,124.85,884.25,61.58,27670.0,108170.0,7050.0
711,2019- 12- 04,121.25,878.0,61.88,31290.0,102630.0,7470.0
712,2019- 12- 03,123.8,871.0,62.5,36930.0,111140.0,8850.0
713,2019- 12- 02,122.0,870.5,60.35,42210.0,125370.0,7360.0
714,2019- 11- 29,119.05,876.75,62.02,24980.0,67000.0,9710.0
715,2019- 11- 27,118.45,882.0,60.67,26040.0,88220.0,6960.0
716,2019- 11- 26,116.85,884.25,60.83,30250.0,104620.0,6320.0
717,2019- 11- 25,118.9,892.5,61.02,30160.0,77560.0,6710.0
718,2019- 11- 22,115.65,897.0,61.23,33300.0,84250.0,7830.0
719,2019- 11- 21,116.25,901.0,60.65,49860.0,97030.0,9850.0
720,2019- 11- 20,110.95,905.0,60.45,41870.0,118390.0,13580.0
721,2019- 11- 19,106.15,911.5,62.15,46710.0,90810.0,14080.0
722,2019- 11- 18,109.2,910.25,62.75,33420.0,83360.0,14680.0
723,2019- 11- 15,109.65,918.25,63.2,25750.0,80820.0,16700.0
724,2019- 11- 14,111.5,900.25,62.75,31760.0,40.0,18260.0
725,2019- 11- 13,111.15,902.5,63.12,37960.0,340.0,32430.0
726,2019- 11- 12,108.9,905.75,64.72,44170.0,160.0,29800.0
727,2019- 11- 11,109.45,905.0,63.3,44340.0,800.0,32650.0
728,2019- 11- 08,112.85,919.5,64.12,41680.0,610.0,30710.0
729,2019- 11- 07,112.6,925.0,64.3,60170.0,790.0,37630.0
730,2019- 11- 06,111.55,915.0,64.78,47040.0,1580.0,30410.0
731,2019- 11- 05,109.45,921.75,67.28,37150.0,660.0,28710.0
732,2019- 11- 04,107.25,925.75,64.53,31110.0,1290.0,20060.0
733,2019- 11- 01,107.55,924.25,64.45,19350.0,7100.0,24650.0
734,2019- 10- 31,105.45,916.75,66.0,19260.0,14170.0,22070.0
735,2019- 10- 30,102.8,916.0,65.78,15340.0,110260.0,23440.0
736,2019- 10- 29,102.5,918.25,64.33,14390.0,147900.0,19240.0
737,2019- 10- 28,103.95,920.75,65.65,15790.0,132480.0,16090.0
738,2019- 10- 25,102.85,920.25,64.92,21830.0,190320.0,23700.0
739,2019- 10- 24,99.9,933.25,64.55,11670.0,133430.0,21470.0
740,2019- 10- 23,101.2,933.75,65.83,9020.0,183770.0,26240.0
741,2019- 10- 22,102.3,934.0,65.5,9580.0,162320.0,26470.0
742,2019- 10- 21,99.7,933.25,67.83,9240.0,132040.0,14520.0
743,2019- 10- 18,99.1,934.0,67.95,10250.0,120200.0,28890.0
744,2019- 10- 17,96.4,931.5,68.15,9700.0,119450.0,23420.0
745,2019- 10- 16,97.05,928.0,70.62,10430.0,102680.0,24360.0
746,2019- 10- 15,97.95,934.0,72.12,14080.0,129610.00000000001,26150.0
747,2019- 10- 14,98.45,940.5,63.08,10710.0,131890.0,1510.0
748,2019- 10- 11,97.35,936.0,62.92,14460.0,180670.0,3830.0
749,2019- 10- 10,97.15,923.5,62.4,17520.0,170690.0,2890.0
750,2019- 10- 09,99.1,923.75,62.8,7730.0,165140.0,4080.0
751,2019- 10- 08,99.35,920.5,61.7,13060.0,149430.0,4540.0
752,2019- 10- 07,100.65,915.25,60.5,13980.0,131280.0,6770.0
753,2019- 10- 04,102.55,916.25,62.4,7250.0,88000.0,4019.9999999999995
754,2019- 10- 03,105.65,911.75,62.42,5460.0,109300.0,5500.0
755,2019- 10- 02,104.2,913.75,62.2,3450.0,114730.0,6360.0
756,2019- 10- 01,104.95,919.5,62.55,8010.0,182140.0,7890.0
757,2019- 09- 30,104.7,906.0,65.45,8420.0,163350.0,7630.0
758,2019- 09- 27,104.45,883.0,65.28,3800.0,67140.0,7870.0
759,2019- 09- 26,104.35,888.5,64.22,4360.0,83060.0,6090.0
760,2019- 09- 25,104.45,889.25,64.58,8820.0,99070.0,15220.0
761,2019- 09- 24,102.6,894.25,62.0,3800.0,96230.0,7730.0
762,2019- 09- 23,102.5,892.5,60.95,4710.0,121010.0,8020.0
763,2019- 09- 20,101.9,882.75,60.35,13020.0,96180.0,9710.0
764,2019- 09- 19,101.95,893.0,61.4,4580.0,88650.0,13240.0
765,2019- 09- 18,100.35,888.75,62.92,18260.0,61670.0,11390.0
766,2019- 09- 17,100.35,893.75,62.1,34030.0,91240.0,21290.0
767,2019- 09- 16,104.3,900.0,63.62,21400.0,90740.0,39410.0
768,2019- 09- 13,102.75,884.75,66.47,20080.0,100.0,38820.0
769,2019- 09- 12,103.6,883.0,63.17,27970.0,200.0,17290.0
770,2019- 09- 11,103.4,854.0,60.17,31400.0,650.0,40770.0
771,2019- 09- 10,101.6,859.25,62.73,30550.0,470.0,46120.0
772,2019- 09- 09,98.25,845.0,62.6,22970.0,620.0,35790.0
773,2019- 09- 06,97.05,845.0,63.5,14330.0,660.0,32350.0
774,2019- 09- 05,95.4,849.75,66.3,19590.0,1290.0,24600.0
775,2019- 09- 04,96.6,862.5,67.12,16600.0,2160.0,29070.0
776,2019- 09- 03,95.55,856.5,66.53,25070.0,2240.0,26800.0
777,2019- 08- 30,96.85,857.0,63.52,20410.0,6660.0,19240.0
778,2019- 08- 29,95.25,856.25,64.9,18540.0,42040.0,21920.0
779,2019- 08- 28,97.55,852.75,63.5,18480.0,41350.0,20900.0
780,2019- 08- 27,97.15,846.25,63.23,18430.0,51660.0,20410.0
781,2019- 08- 26,97.5,853.75,63.8,13170.0,39660.0,25770.0
782,2019- 08- 23,96.05,843.25,59.3,15070.0,35500.0,23200.0
783,2019- 08- 22,97.3,856.0,62.3,21480.0,18770.0,13730.0
784,2019- 08- 21,96.65,860.5,63.3,31460.0,10770.0,15690.0
785,2019- 08- 20,95.25,855.75,64.97,29920.0,14790.0,19100.0
786,2019- 08- 19,94.8,854.0,64.03,22480.0,14190.0,18370.0
787,2019- 08- 16,96.35,867.25,62.0,21470.0,14070.0,18120.0
788,2019- 08- 15,98.0,858.0,65.0,21680.0,13760.0,19970.0
789,2019- 08- 14,97.9,861.0,79.4,28690.0,140.0,1060.0
790,2019- 08- 13,99.7,872.0,79.0,46370.0,150.0,2050.0
791,2019- 08- 12,97.3,861.5,79.17,45840.0,320.0,3140.0
792,2019- 08- 09,100.7,873.75,79.03,31230.0,1590.0,3550.0
793,2019- 08- 08,100.85,865.0,77.35,31060.0,2029.9999999999998,4500.0
794,2019- 08- 07,100.3,848.75,77.72,28330.0,2530.0,4870.0
795,2019- 08- 06,100.6,847.75,77.12,23790.0,2310.0,5970.0
796,2019- 08- 05,99.15,850.25,77.85,16500.0,3190.0,8870.0
797,2019- 08- 02,101.7,850.25,76.28,19160.0,4630.0,6990.0
798,2019- 08- 01,100.8,847.0,76.8,16700.0,6820.0,11320.0
799,2019- 07- 31,103.3,864.0,79.33,18570.0,10230.0,12010.0
800,2019- 07- 30,103.1,878.75,82.3,13280.0,52780.0,11250.0
801,2019- 07- 29,104.75,885.75,84.42,16390.0,74810.0,10710.0
802,2019- 07- 26,103.4,883.25,86.42,14640.0,62230.0,6010.0
803,2019- 07- 25,104.35,882.5,85.95,11160.0,42120.0,12050.0
804,2019- 07- 24,104.7,891.0,86.55,17130.0,47510.0,8620.0
805,2019- 07- 23,106.15,885.75,86.17,13630.0,25780.0,14540.0
806,2019- 07- 22,108.95,888.25,83.22,6820.0,35790.0,10860.0
807,2019- 07- 19,107.3,901.5,83.88,22380.0,53090.0,17700.0
808,2019- 07- 18,108.6,881.25,82.78,17420.0,34660.0,28090.0
809,2019- 07- 17,107.4,882.5,82.0,19970.0,32880.0,23460.0
810,2019- 07- 16,105.55,887.75,79.05,24510.0,64650.00000000001,29010.0
811,2019- 07- 15,110.25,901.75,70.78,25710.0,26790.0,1670.0
812,2019- 07- 12,106.65,906.75,71.05,13950.0,110.0,3230.0
813,2019- 07- 11,106.95,896.25,71.6,17770.0,210.0,3080.0
814,2019- 07- 10,105.9,893.0,71.75,22680.0,650.0,4280.0
815,2019- 07- 09,107.45,882.75,71.38,34080.0,940.0,5620.0
816,2019- 07- 08,106.4,875.25,70.08,34780.0,1340.0,6560.0
817,2019- 07- 05,111.1,872.25,72.12,26800.0,1990.0,5120.0
818,2019- 07- 03,113.65,885.25,73.55,31080.0,3530.0,4540.0
819,2019- 07- 02,109.65,876.25,73.72,33300.0,2640.0,6330.0
820,2019- 07- 01,111.35,885.5,72.58,43920.0,4730.0,5190.0
821,2019- 06- 28,109.45,899.75,72.1,32450.000000000004,16079.999999999998,6600.0
822,2019- 06- 27,106.7,887.75,73.83,15710.0,74480.0,5730.0
823,2019- 06- 26,106.05,894.25,73.55,29000.0,108710.0,6310.0
824,2019- 06- 25,107.45,903.5,74.4,35480.0,141140.0,7390.0
825,2019- 06- 24,103.0,909.0,72.85,21540.0,110370.0,10840.0
826,2019- 06- 21,100.65,902.75,76.25,20330.0,139460.0,12220.0
827,2019- 06- 20,101.8,915.5,79.25,25880.0,147070.0,10950.0
828,2019- 06- 19,97.95,903.25,81.62,31670.0,149150.0,13050.0
829,2019- 06- 18,96.6,913.5,81.47,28760.0,154000.0,15440.0
830,2019- 06- 17,98.25,912.75,83.05,30670.0,164350.0,14610.0
831,2019- 06- 14,98.05,896.75,79.38,40590.0,131230.0,1010.0
832,2019- 06- 13,99.75,888.0,79.22,33490.0,122370.0,1740.0
833,2019- 06- 12,101.5,878.0,79.03,33210.0,168960.0,2780.0
834,2019- 06- 11,99.5,859.25,79.08,41860.0,138290.0,3750.0
835,2019- 06- 10,101.15,858.5,79.28,41270.0,109010.0,3650.0
836,2019- 06- 07,103.6,856.25,78.65,32740.000000000004,126250.0,4880.0
837,2019- 06- 06,104.6,868.75,79.38,28050.0,115540.0,5520.0
838,2019- 06- 05,101.75,869.75,79.85,38520.0,133440.0,6660.0
839,2019- 06- 04,108.2,881.75,81.12,27770.0,146840.0,4620.0
840,2019- 06- 03,106.3,879.0,81.58,28870.0,127510.0,6560.0
841,2019- 05- 31,107.1,877.75,81.72,25340.0,120400.0,7720.0
842,2019- 05- 30,104.7,889.0,83.67,27950.0,138940.0,10340.0
843,2019- 05- 29,101.75,872.0,85.2,18650.0,216540.0,8990.0
844,2019- 05- 28,98.3,856.0,83.97,18420.0,148620.0,11240.0
845,2019- 05- 24,95.6,829.75,86.42,14460.0,94260.0,9730.0
846,2019- 05- 23,95.8,821.5,89.42,14780.0,125850.0,7740.0
847,2019- 05- 22,94.15,828.5,89.65,10930.0,124470.0,6160.0
848,2019- 05- 21,95.15,822.0,90.1,18570.0,188030.0,8550.0
849,2019- 05- 20,89.9,831.75,91.75,17200.0,113520.0,14510.0
850,2019- 05- 17,89.0,821.75,92.38,24990.0,119430.0,19940.0
851,2019- 05- 16,91.65,839.75,92.22,24290.0,106300.0,14270.0
852,2019- 05- 15,91.3,835.5,91.83,14860.0,182210.0,20760.0
853,2019- 05- 14,90.95,817.75,83.55,23530.0,160.0,160.0
854,2019- 05- 13,89.6,791.0,83.55,15330.0,370.0,350.0
855,2019- 05- 10,90.8,797.0,83.75,18510.0,710.0,230.0
856,2019- 05- 09,90.85,800.25,83.75,26000.0,680.0,340.0
857,2019- 05- 08,88.55,814.25,83.58,24520.0,1990.0,210.0
858,2019- 05- 07,88.0,817.75,83.05,29480.0,2560.0,560.0
859,2019- 05- 06,90.15,817.5,82.38,14170.0,2690.0,890.0
860,2019- 05- 03,90.6,829.5,85.35,15400.0,3490.0,280.0
861,2019- 05- 02,91.55,830.5,86.1,20600.0,5560.0,550.0
862,2019- 05- 01,91.1,839.5,87.1,26930.0,9760.0,760.0
863,2019- 04- 30,93.15,841.25,84.3,29790.0,11510.0,530.0
864,2019- 04- 29,92.65,847.5,84.78,18520.0,81580.0,820.0
865,2019- 04- 26,94.1,853.75,87.0,16200.0,142900.0,360.0
866,2019- 04- 25,93.35,859.25,87.85,20160.0,124150.0,630.0
867,2019- 04- 24,92.35,855.25,89.17,21560.0,87640.0,550.0
868,2019- 04- 23,93.25,862.0,87.83,24180.0,168390.0,590.0
869,2019- 04- 22,92.85,877.0,89.03,20010.0,80530.0,640.0
870,2019- 04- 18,92.9,880.5,90.2,42820.0,77260.0,550.0
871,2019- 04- 17,89.65,879.0,88.92,60180.0,105530.0,670.0
872,2019- 04- 16,92.95,888.0,88.97,34720.0,115190.0,680.0
873,2019- 04- 15,93.9,898.75,90.08,52440.0,105410.0,400.0
874,2019- 04- 12,92.95,895.25,79.3,43200.0,82120.0,1220.0
875,2019- 04- 11,92.7,895.25,79.22,72960.0,98640.0,2140.0
876,2019- 04- 10,96.75,902.0,78.9,28030.0,110700.0,2930.0
877,2019- 04- 09,96.1,898.75,78.53,44720.0,95490.0,2680.0
878,2019- 04- 08,95.5,898.75,78.6,36530.0,113480.0,3340.0
879,2019- 04- 05,95.75,899.0,79.03,34130.0,102770.0,6540.0
880,2019- 04- 04,97.8,906.5,79.58,34870.0,112220.0,4490.0
881,2019- 04- 03,97.85,898.75,79.08,27790.0,63620.0,5730.0
882,2019- 04- 02,94.2,900.0,78.95,14670.0,78590.0,5020.0
883,2019- 04- 01,94.6,895.5,77.4,26950.0,116290.0,6400.0
884,2019- 03- 29,97.05,884.25,77.38,13390.0,96060.0,8930.0
885,2019- 03- 28,96.6,889.5,78.88,14130.0,71400.0,9270.0
886,2019- 03- 27,96.45,887.5,81.33,17060.0,108410.0,9630.0
887,2019- 03- 26,97.95,900.75,79.72,13580.0,64160.0,8790.0
888,2019- 03- 25,96.9,906.5,78.65,10500.0,62220.0,6370.0
889,2019- 03- 22,96.65,903.75,78.33,5720.0,91930.0,15800.0
890,2019- 03- 21,97.55,910.5,78.33,6970.0,79290.0,16900.0
891,2019- 03- 20,97.45,906.0,73.83,11940.0,73220.0,10790.0
892,2019- 03- 19,96.65,904.0,70.83,17560.0,78730.0,12960.0
893,2019- 03- 18,96.85,905.75,71.03,14560.0,68440.0,20680.0
894,2019- 03- 15,97.8,909.25,68.8,13480.0,97850.0,21350.0
895,2019- 03- 14,97.15,889.5,65.8,19320.0,150.0,20620.0
896,2019- 03- 13,97.65,889.0,63.48,22950.0,220.0,41440.0
897,2019- 03- 12,96.0,884.75,63.65,32580.0,240.0,33300.0
898,2019- 03- 11,97.2,877.75,62.85,18070.0,440.0,49440.0
899,2019- 03- 08,98.5,883.75,60.55,20490.0,1280.0,39660.0
900,2019- 03- 07,96.85,890.75,57.73,21100.0,2610.0,32049.999999999996
901,2019- 03- 06,98.7,889.75,57.08,14680.0,2100.0,17420.0
902,2019- 03- 05,99.65,901.25,57.9,24740.0,3340.0,17110.0
903,2019- 03- 04,97.35,903.25,57.33,24740.0,4170.0,21650.0
904,2019- 03- 01,100.2,899.25,56.4,29700.0,8370.0,23370.0
905,2019- 02- 28,98.45,897.5,55.88,19690.0,13010.0,15310.0
906,2019- 02- 27,98.95,903.5,55.6,27680.0,69360.0,20500.0
907,2019- 02- 26,96.8,903.75,55.73,25440.0,88700.0,24650.0
908,2019- 02- 25,99.85,911.75,53.9,14980.0,108510.0,26860.0
909,2019- 02- 22,100.0,910.25,55.45,18180.0,127440.0,20390.0
910,2019- 02- 21,99.45,911.0,55.95,25820.0,169210.0,26130.0
911,2019- 02- 20,101.4,902.5,52.98,18390.0,132170.0,35560.0
912,2019- 02- 19,100.85,900.75,56.52,35710.0,119260.0,16370.000000000002
913,2019- 02- 15,101.65,907.5,59.52,34300.0,113610.0,14480.0
914,2019- 02- 14,101.45,903.5,55.1,34380.0,111540.0,1420.0
915,2019- 02- 13,102.3,916.5,55.15,41850.0,87710.0,1280.0
916,2019- 02- 12,103.55,917.5,55.17,39090.0,126540.0,2890.0
917,2019- 02- 11,103.3,905.0,55.17,46820.0,124100.0,2090.0
918,2019- 02- 08,105.6,914.5,55.05,39340.0,134650.0,3410.0
919,2019- 02- 07,107.3,913.25,55.27,38260.0,120900.0,4370.0
920,2019- 02- 06,108.55,921.75,55.92,20300.0,98810.0,4980.0
921,2019- 02- 05,107.95,920.25,56.42,18460.0,83110.0,4420.0
922,2019- 02- 04,108.65,918.5,57.38,19580.0,76590.0,5320.0
923,2019- 02- 01,106.8,917.75,56.35,17220.0,168140.0,3360.0
924,2019- 01- 31,109.0,915.25,56.25,15260.0,98080.0,6480.0
925,2019- 01- 30,105.3,921.0,57.45,8690.0,68240.0,4960.0
926,2019- 01- 29,105.75,919.0,57.33,9890.0,86950.0,8029.999999999999
927,2019- 01- 28,105.8,923.25,57.98,17120.0,69620.0,5280.0
928,2019- 01- 25,109.9,925.25,58.38,14720.0,103760.0,8510.0
929,2019- 01- 24,108.45,916.0,59.83,12530.0,85830.0,6640.0
930,2019- 01- 23,106.65,915.0,60.77,8380.0,72120.0,10850.0
931,2019- 01- 22,106.6,909.25,61.48,10320.0,126770.0,7870.0
932,2019- 01- 18,108.05,916.75,61.23,11940.0,112890.0,15080.0
933,2019- 01- 17,105.55,907.75,60.85,9640.0,103130.0,16570.0
934,2019- 01- 16,105.55,894.5,60.05,13130.0,87040.0,22140.0
935,2019- 01- 15,104.55,893.25,62.15,15590.0,107770.0,22050.0
936,2019- 01- 14,106.25,890.75,61.85,10620.0,290.0,24990.0
937,2019- 01- 11,107.2,899.25,62.65,15930.0,290.0,30030.0
938,2019- 01- 10,107.65,895.5,64.08,13670.0,1090.0,36160.0
939,2019- 01- 09,108.5,911.5,63.77,14010.0,2760.0,31400.0
940,2019- 01- 08,108.1,906.25,62.6,18630.0,3290.0,32490.000000000004
941,2019- 01- 07,105.75,912.25,61.9,5200.0,4350.0,14090.0
942,2019- 01- 04,104.65,909.5,61.95,6220.0,6570.0,16600.0
943,2019- 01- 03,105.15,900.25,62.15,7920.0,5150.0,15370.0
944,2019- 01- 02,102.65,894.75,61.7,5810.0,8390.0,25540.0
945,2018- 12- 31,104.95,882.5,60.98,4520.0,13220.0,15860.0
946,2018- 12- 28,104.1,882.75,60.65,2670.0,46910.0,12680.0
947,2018- 12- 27,104.9,869.0,60.58,4300.0,66900.0,14740.0
948,2018- 12- 26,107.0,870.0,60.38,2980.0,56380.0,12980.0
949,2018- 12- 24,105.3,884.0,60.3,2630.0,30790.0,14990.0
950,2018- 12- 21,102.9,884.75,61.12,4700.0,93660.0,19270.0
951,2018- 12- 20,105.65,893.5,62.38,6270.0,95830.0,15890.0
952,2018- 12- 19,104.0,900.0,62.7,5320.0,115950.0,12800.0
953,2018- 12- 18,99.4,907.75,62.65,15740.0,91100.0,18190.0
954,2018- 12- 17,100.1,904.75,63.83,17340.0,76020.0,17370.0
955,2018- 12- 14,102.25,900.5,54.95,11980.0,93460.0,1260.0
956,2018- 12- 13,104.1,907.0,54.8,16480.0,120800.0,1940.0
957,2018- 12- 12,103.05,920.0,54.73,17390.0,121340.0,2020.0
958,2018- 12- 11,102.35,915.0,54.45,23200.0,114410.0,3280.0
959,2018- 12- 10,105.15,909.75,54.73,17640.0,109610.0,4760.0
960,2018- 12- 07,104.1,916.75,54.25,26720.0,112610.0,8650.0
961,2018- 12- 06,105.95,909.5,54.52,24490.0,127440.0,8770.0
962,2018- 12- 05,105.95,913.5,55.85,11550.0,73440.0,8370.0
963,2018- 12- 04,106.9,911.75,56.88,17440.0,107530.0,7120.0
964,2018- 12- 03,107.8,905.75,58.02,26950.0,178080.0,7130.0
965,2018- 11- 30,107.55,894.75,57.88,35840.0,97860.0,9650.0
966,2018- 11- 29,112.3,887.25,58.73,18640.0,91230.0,9800.0
967,2018- 11- 28,113.9,890.5,57.95,16000.0,118520.0,6020.0
968,2018- 11- 27,113.3,875.5,57.88,20150.0,98670.0,8270.0
969,2018- 11- 26,110.8,862.25,57.4,14740.0,123320.0,7450.0
970,2018- 11- 23,110.95,881.0,59.08,18260.0,35990.0,5770.0
971,2018- 11- 21,114.1,883.0,58.27,10170.0,68300.0,8320.0
972,2018- 11- 20,114.9,881.0,58.98,16460.0,68070.0,18350.0
973,2018- 11- 19,116.65,873.75,61.02,23500.0,95490.0,23070.0
974,2018- 11- 16,116.3,892.25,60.08,17460.0,76600.0,24320.0
975,2018- 11- 15,113.8,888.75,57.08,25770.0,87080.0,16450.0
976,2018- 11- 14,116.2,870.5,57.0,41530.0,240.0,21010.0
977,2018- 11- 13,112.75,867.25,57.3,43200.0,2530.0,26810.0
978,2018- 11- 12,114.0,871.75,56.55,39310.0,3180.0,32460.0
979,2018- 11- 09,117.5,875.25,55.8,39630.0,3310.0,36560.0
980,2018- 11- 08,120.2,867.5,55.62,36600.0,3660.0,35640.0
981,2018- 11- 07,119.45,867.75,55.52,31770.0,4550.0,36720.0
982,2018- 11- 06,117.65,872.0,54.1,37150.0,4270.0,27670.0
983,2018- 11- 05,121.05,873.0,57.1,27450.0,7230.0,22750.0
984,2018- 11- 02,123.85,875.25,58.12,21350.0,12000.0,19160.0
985,2018- 11- 01,121.5,869.0,58.2,38120.0,17060.0,25970.0
986,2018- 10- 31,116.45,839.0,58.45,19130.0,18050.0,25700.0
987,2018- 10- 30,116.25,833.5,59.0,19680.0,107970.0,25110.0
988,2018- 10- 29,118.05,839.0,58.85,18670.0,114910.0,24460.0
989,2018- 10- 26,123.4,845.0,57.92,16210.0,120780.0,18600.0
990,2018- 10- 25,125.05,841.75,56.77,15040.0,130130.0,29840.0
991,2018- 10- 24,124.05,850.25,57.52,16059.999999999998,187130.0,22600.0
992,2018- 10- 23,124.85,857.5,54.52,22100.0,107490.0,20800.0
993,2018- 10- 22,121.45,858.5,53.17,9360.0,124570.0,20480.0
994,2018- 10- 19,125.9,856.75,51.6,11580.0,120380.0,22940.0
995,2018- 10- 18,125.85,863.5,52.3,24370.0,125410.0,25760.0
996,2018- 10- 17,126.25,885.75,54.7,21080.0,101640.0,26090.0
997,2018- 10- 16,121.3,884.75,56.88,15610.0,106590.0,26000.0
998,2018- 10- 15,122.95,891.5,56.75,22070.0,150600.0,22330.0
999,2018- 10- 12,120.1,867.5,68.75,14700.0,85800.0,1340.0
1000,2018- 10- 11,116.5,858.25,68.67,20790.0,161160.0,1210.0
1001,2018- 10- 10,115.5,852.25,68.47,14630.0,135160.0,3080.0
1002,2018- 10- 09,116.7,863.0,68.75,14260.0,141120.0,2610.0
1003,2018- 10- 08,115.35,869.75,68.45,22460.0,123430.0,3740.0
1004,2018- 10- 05,112.4,869.0,68.2,10680.0,167590.0,5760.0
1005,2018- 10- 04,110.4,859.25,67.5,7130.0,102930.0,6030.0
1006,2018- 10- 03,110.05,861.5,67.47,11220.0,98120.0,9300.0
1007,2018- 10- 02,111.0,866.0,66.42,8920.0,117210.0,8670.0
1008,2018- 10- 01,105.6,857.75,64.75,8850.0,152160.0,7130.0
1009,2018- 09- 28,105.85,845.5,62.17,9810.0,143040.0,8160.0
1010,2018- 09- 27,102.65,855.0,61.3,3470.0,76060.0,10780.0
1011,2018- 09- 26,101.15,850.0,62.2,7330.0,89460.0,10210.0
1012,2018- 09- 25,100.45,845.75,62.42,9290.0,160950.0,10930.0
1013,2018- 09- 24,101.9,841.0,61.0,3710.0,74830.0,7700.0
1014,2018- 09- 21,103.3,847.25,60.3,9650.0,88700.0,9840.0
1015,2018- 09- 20,103.1,850.25,61.25,6810.0,163230.0,13500.0
1016,2018- 09- 19,100.05,830.0,60.0,3580.0,80960.0,14540.0
1017,2018- 09- 18,95.85,814.0,59.17,28040.0,94050.0,18510.0
1018,2018- 09- 17,97.3,823.5,56.45,22080.0,72670.0,27910.0
1019,2018- 09- 14,99.7,830.5,56.23,19590.0,,28560.0
1020,2018- 09- 13,100.65,822.75,55.67,17280.0,60.0,31390.0
1021,2018- 09- 12,102.1,829.0,55.8,22490.0,640.0,37660.0
1022,2018- 09- 11,100.45,820.25,54.48,22000.0,350.0,33250.0
1023,2018- 09- 10,101.25,833.5,55.95,15670.0,170.0,36850.0
1024,2018- 09- 07,102.45,832.0,55.65,17050.0,400.0,29460.0
1025,2018- 09- 06,102.2,826.75,54.98,16500.0,570.0,25010.0
1026,2018- 09- 05,103.8,825.5,51.98,23030.0,820.0,25740.0
1027,2018- 09- 04,101.45,832.0,51.08,37250.0,1580.0,33020.0
1028,2018- 08- 31,101.8,833.0,50.42,22120.0,6330.0,29010.0
1029,2018- 08- 30,102.65,819.5,49.12,27120.0,16390.0,26000.0
1030,2018- 08- 29,102.9,823.25,51.55,18090.0,24290.0,24970.0
1031,2018- 08- 28,103.05,820.5,52.0,21440.0,26660.0,28910.0
1032,2018- 08- 27,105.75,834.75,54.77,18490.0,29910.0,24170.0
1033,2018- 08- 24,104.7,842.0,51.77,27550.0,29280.0,21270.0
1034,2018- 08- 23,101.5,842.0,51.17,23030.0,19490.0,21340.0
1035,2018- 08- 22,100.9,858.25,53.6,41750.0,21140.0,22990.0
1036,2018- 08- 21,101.8,874.5,56.23,37320.0,18550.0,20150.0
1037,2018- 08- 20,100.95,881.75,56.48,38630.0,10660.0,31110.0
1038,2018- 08- 17,104.7,881.5,58.6,28670.0,19410.0,35000.0
1039,2018- 08- 16,105.35,885.5,55.48,36810.0,19410.0,22170.0
1040,2018- 08- 15,106.0,857.5,52.48,47690.0,10750.0,14650.0
1041,2018- 08- 14,108.5,864.5,55.0,48480.0,80.0,1700.0
1042,2018- 08- 13,109.3,853.5,55.52,55410.0,140.0,2850.0
1043,2018- 08- 10,110.05,846.0,54.8,44470.0,300.0,1950.0
1044,2018- 08- 09,110.75,887.75,54.98,36210.0,640.0,4560.0
1045,2018- 08- 08,111.0,893.75,54.8,41260.0,1420.0,4710.0
1046,2018- 08- 07,112.2,889.25,55.8,45100.0,2140.0,4750.0
1047,2018- 08- 06,112.0,877.25,56.6,17140.0,1750.0,5510.0
1048,2018- 08- 03,111.1,886.25,58.5,16600.0,2610.0,5960.0
1049,2018- 08- 02,110.1,882.5,58.98,20730.0,4370.0,5960.0
1050,2018- 08- 01,111.3,886.75,60.25,23820.0,11350.0,7700.0
1051,2018- 07- 31,113.1,903.75,61.12,20430.0,15120.0,10110.0
1052,2018- 07- 30,114.6,875.0,63.3,19670.0,59120.0,5690.0
1053,2018- 07- 27,113.6,870.5,63.65,13320.0,47140.0,6650.0
1054,2018- 07- 26,112.85,861.25,64.9,13060.0,49690.0,11160.0
1055,2018- 07- 25,114.35,860.75,66.4,3770.0,33010.0,5720.0
1056,2018- 07- 24,114.25,858.0,65.55,9390.0,39160.0,12180.0
1057,2018- 07- 23,115.05,847.75,66.42,11470.0,31910.0,11370.0
1058,2018- 07- 20,114.05,849.75,66.45,5710.0,26320.0,12040.0
1059,2018- 07- 19,108.8,846.0,67.25,17970.0,26560.0,17310.0
1060,2018- 07- 18,108.15,842.25,67.2,21330.0,18550.0,19240.0
1061,2018- 07- 17,109.25,839.5,67.9,13170.0,37740.0,20050.0
1062,2018- 07- 16,110.3,829.5,79.75,15410.0,28640.0,1600.0
1063,2018- 07- 13,109.9,814.0,79.95,27160.0,100.0,1660.0
1064,2018- 07- 12,111.55,830.0,79.95,19140.0,150.0,2580.0
1065,2018- 07- 11,112.05,829.75,79.78,21250.0,1170.0,3450.0
1066,2018- 07- 10,114.8,852.25,79.5,22350.0,870.0,4210.0
1067,2018- 07- 09,115.05,851.75,80.22,23980.0,1260.0,4190.0
1068,2018- 07- 06,114.1,874.0,81.38,40700.0,2510.0,5750.0
1069,2018- 07- 05,109.15,835.5,83.3,27710.0,3570.0,3630.0
1070,2018- 07- 03,111.9,844.0,83.72,21630.0,4640.0,4550.0
1071,2018- 07- 02,111.65,848.5,83.2,35380.0,5570.0,8060.000000000001
1072,2018- 06- 29,115.1,858.5,82.88,19830.0,11060.0,8770.0
1073,2018- 06- 28,115.75,861.25,81.12,17990.0,43760.0,6720.0
1074,2018- 06- 27,117.45,867.5,80.22,13760.0,87400.0,6810.0
1075,2018- 06- 26,117.7,867.25,79.12,19580.0,88850.0,9210.0
1076,2018- 06- 25,117.2,874.5,78.08,12240.0,89320.0,7130.0
1077,2018- 06- 22,116.95,894.5,79.83,13380.0,128479.99999999999,7210.0
1078,2018- 06- 21,116.25,880.5,80.47,18840.0,99480.0,10230.0
1079,2018- 06- 20,116.65,889.5,80.03,28850.0,126770.0,12050.0
1080,2018- 06- 19,116.4,889.0,81.88,36030.0,196380.0,18420.0
1081,2018- 06- 18,116.7,908.5,83.72,22750.0,139700.0,16640.0
1082,2018- 06- 15,117.55,905.5,81.72,32189.999999999996,169720.0,21350.0
1083,2018- 06- 14,117.95,927.25,81.17,47520.0,118200.0,1430.0
1084,2018- 06- 13,118.6,936.0,81.0,34550.0,188400.0,2690.0
1085,2018- 06- 12,119.5,954.0,80.53,28610.0,137200.0,2430.0
1086,2018- 06- 11,119.2,953.75,80.15,39800.0,136800.0,3550.0
1087,2018- 06- 08,119.5,969.25,79.88,33970.0,132150.0,5660.0
1088,2018- 06- 07,118.0,974.25,78.4,39710.0,173220.0,4310.0
1089,2018- 06- 06,120.55,994.25,78.17,19610.0,90710.0,7370.0
1090,2018- 06- 05,121.75,1001.25,76.53,19170.0,127580.0,8420.0
1091,2018- 06- 04,123.75,1001.75,77.58,22030.0,101110.0,6300.0
1092,2018- 06- 01,124.95,1021.25,77.6,19040.0,99970.0,8630.0
1093,2018- 05- 31,125.9,1018.5,76.62,14880.0,103120.0,10250.0
1094,2018- 05- 30,122.5,1023.0,77.33,21620.0,134680.0,9560.0
1095,2018- 05- 29,122.4,1030.5,75.67,8620.0,128699.99999999999,8060.000000000001
1096,2018- 05- 25,122.65,1041.5,74.2,4220.0,79810.0,6170.0
1097,2018- 05- 24,122.8,1035.75,74.83,11840.0,122490.0,6920.0
1098,2018- 05- 23,121.65,1039.25,74.6,6650.0,90470.0,17300.0
1099,2018- 05- 22,123.15,1030.5,73.12,10470.0,106180.0,12070.0
1100,2018- 05- 21,122.45,1025.25,74.0,8460.0,147490.0,15510.0
1101,2018- 05- 18,118.0,998.5,74.7,15760.0,122150.0,18700.0
1102,2018- 05- 17,117.9,995.0,76.47,18990.0,92150.0,24860.0
1103,2018- 05- 16,117.3,999.75,75.9,14520.0,100890.0,19180.0
1104,2018- 05- 15,116.95,1018.75,74.72,21460.0,115400.0,22610.0
1105,2018- 05- 14,117.6,1013.0,65.25,20210.0,80.0,290.0
1106,2018- 05- 11,119.4,994.75,65.3,15620.0,100.0,690.0
1107,2018- 05- 10,119.55,1013.25,65.47,21570.0,390.0,420.0
1108,2018- 05- 09,118.75,1007.25,65.92,21450.0,710.0,500.0
1109,2018- 05- 08,119.6,1011.25,66.2,22170.0,780.0,390.0
1110,2018- 05- 07,120.75,1002.25,66.08,28210.0,1660.0,640.0
1111,2018- 05- 04,122.6,1027.25,67.08,22880.0,1310.0,730.0
1112,2018- 05- 03,124.35,1043.25,67.08,27340.0,3160.0,520.0
1113,2018- 05- 02,123.75,1032.75,66.9,35350.0,5490.0,370.0
1114,2018- 05- 01,124.8,1042.5,67.45,30110.0,6790.0,360.0
1115,2018- 04- 30,122.8,1037.75,66.3,22780.0,10340.0,250.0
1116,2018- 04- 27,122.4,1045.0,66.1,26950.0,64970.0,430.0
1117,2018- 04- 26,119.65,1028.0,67.33,15970.0,79920.0,280.0
1118,2018- 04- 25,118.8,1027.5,68.55,24640.0,68710.0,400.0
1119,2018- 04- 24,120.45,1022.25,67.45,27890.0,90060.0,610.0
1120,2018- 04- 23,118.95,1020.75,68.0,22580.0,72700.0,470.0
1121,2018- 04- 20,117.7,1028.75,69.95,15520.0,74210.0,340.0
1122,2018- 04- 19,116.25,1037.25,70.15,31450.0,95800.0,320.0
1123,2018- 04- 18,117.15,1041.75,69.85,36850.0,94270.0,700.0
1124,2018- 04- 17,115.85,1046.0,67.9,37300.0,81330.0,270.0
1125,2018- 04- 16,116.55,1042.0,68.17,41830.0,101600.0,430.0
1126,2018- 04- 13,119.5,1054.25,69.7,46250.0,118740.0,400.0
1127,2018- 04- 12,120.0,1060.75,54.3,28110.0,186950.0,3550.0
1128,2018- 04- 11,120.25,1047.75,53.3,41900.0,121590.0,3710.0
1129,2018- 04- 10,119.55,1050.0,53.5,32330.0,171440.0,4880.0
1130,2018- 04- 09,120.55,1047.0,52.9,33870.0,171850.0,4890.0
1131,2018- 04- 06,119.4,1033.75,52.12,27310.0,164390.0,4780.0
1132,2018- 04- 05,119.55,1031.25,52.45,22290.0,219540.0,6310.0
1133,2018- 04- 04,118.9,1015.25,53.08,29260.0,352460.0,9420.0
1134,2018- 04- 03,118.65,1038.0,51.67,12950.0,135400.0,10890.0
1135,2018- 04- 02,118.5,1035.5,54.27,8210.0,108570.0,5750.0
1136,2018- 03- 29,120.2,1044.75,57.25,6550.0,177840.0,7260.0
1137,2018- 03- 28,119.8,1018.0,56.92,4330.0,104490.0,10020.0
1138,2018- 03- 27,121.0,1019.5,57.75,8420.0,98040.0,6610.0
1139,2018- 03- 26,120.2,1025.5,58.02,12280.0,100550.0,7210.0
1140,2018- 03- 23,119.4,1028.25,58.42,11380.0,164880.0,12980.0
1141,2018- 03- 22,121.2,1029.75,61.33,4310.0,99280.0,11430.0
1142,2018- 03- 21,121.0,1029.75,62.58,7370.0,101950.0,12930.0
1143,2018- 03- 20,121.05,1028.25,63.25,3530.0,78890.0,11850.0
1144,2018- 03- 19,119.35,1022.5,63.15,18830.0,131020.00000000001,19580.0
1145,2018- 03- 16,118.05,1049.5,65.45,23490.0,78280.0,20870.0
1146,2018- 03- 15,118.75,1040.75,65.72,32240.000000000004,123210.0,21770.0
1147,2018- 03- 14,121.05,1028.5,66.88,15570.0,90.0,20600.0
1148,2018- 03- 13,121.55,1040.5,67.72,25880.0,250.0,30590.0
1149,2018- 03- 12,119.45,1033.25,67.67,16850.0,1590.0,25260.0
1150,2018- 03- 09,120.15,1029.25,67.85,17830.0,390.0,28950.0
1151,2018- 03- 08,120.3,1053.75,68.08,19060.0,490.0,32940.0
1152,2018- 03- 07,120.75,1055.0,67.8,20510.0,2360.0,34020.0
1153,2018- 03- 06,121.25,1064.5,68.2,19200.0,2840.0,20920.0
1154,2018- 03- 05,121.1,1066.75,68.8,20040.0,3050.0,17960.0
1155,2018- 03- 02,122.2,1060.75,67.58,19890.0,5530.0,21360.0
1156,2018- 03- 01,123.95,1057.5,66.97,29210.0,7730.0,20880.0
1157,2018- 02- 28,122.0,1045.0,67.22,19520.0,14920.0,38960.0
1158,2018- 02- 27,121.1,1038.0,69.95,14790.0,78530.0,20370.0
1159,2018- 02- 26,121.9,1034.25,69.95,18980.0,136490.0,21410.0
1160,2018- 02- 23,121.0,1036.25,71.38,17860.0,147370.0,14090.0
1161,2018- 02- 22,120.9,1032.0,71.28,24550.0,108210.0,21240.0
1162,2018- 02- 21,118.9,1034.25,69.9,22810.0,133020.0,17820.0
1163,2018- 02- 20,119.7,1026.5,69.2,25000.0,193970.0,24560.0
1164,2018- 02- 16,120.45,1021.5,68.15,45590.0,146730.0,22440.0
1165,2018- 02- 15,124.15,1024.25,69.72,31390.0,158340.0,18860.0
1166,2018- 02- 14,125.1,1017.25,73.5,25570.0,154450.0,2029.9999999999998
1167,2018- 02- 13,125.05,1011.75,73.35,32850.0,177150.0,1830.0
1168,2018- 02- 12,123.5,1001.75,73.08,48220.0,215180.0,2430.0
1169,2018- 02- 09,123.8,983.0,73.17,30680.0,164570.0,3370.0
1170,2018- 02- 08,124.9,987.75,73.4,30030.0,230200.0,4240.0
1171,2018- 02- 07,125.45,983.0,73.85,33730.0,167290.0,5340.0
1172,2018- 02- 06,125.05,986.25,74.75,25470.0,179230.0,9200.0
1173,2018- 02- 05,122.1,969.75,75.83,23520.0,128430.0,4250.0
1174,2018- 02- 02,122.75,978.75,75.2,14380.0,100310.0,5220.0
1175,2018- 02- 01,123.75,985.0,74.83,13640.0,159220.0,5970.0
1176,2018- 01- 31,124.2,995.75,73.22,7480.0,165830.0,6080.0
1177,2018- 01- 30,124.65,1000.25,72.45,16920.0,169080.0,7580.0
1178,2018- 01- 29,127.2,991.5,72.4,16059.999999999998,143400.0,4680.0
1179,2018- 01- 26,127.5,985.5,72.28,12290.0,110340.0,5060.0
1180,2018- 01- 25,126.05,992.25,72.47,9540.0,154150.0,8140.000000000001
1181,2018- 01- 24,124.9,992.25,72.92,7560.0,139170.0,8610.0
1182,2018- 01- 23,123.4,986.25,72.25,5480.0,107960.0,11660.0
1183,2018- 01- 22,125.0,984.25,71.8,4420.0,124260.0,7470.0
1184,2018- 01- 19,123.7,977.25,72.08,4360.0,105770.0,13060.0
1185,2018- 01- 18,123.55,973.0,73.05,4350.0,74570.0,15640.0
1186,2018- 01- 17,125.55,968.75,72.72,10300.0,91700.0,15180.0
1187,2018- 01- 16,122.95,968.0,73.9,15220.0,97800.0,20010.0
1188,2018- 01- 12,124.7,944.0,71.58,8000.0,170.0,23460.0
1189,2018- 01- 11,125.25,940.5,70.97,9240.0,200.0,30250.0
1190,2018- 01- 10,126.35,947.0,72.53,5860.0,570.0,33380.0
1191,2018- 01- 09,127.55,955.75,73.17,8050.000000000001,580.0,27390.0
1192,2018- 01- 08,127.5,958.25,72.97,10490.0,990.0,30820.0
1193,2018- 01- 05,130.75,961.5,71.42,8400.0,1280.0,13320.0
1194,2018- 01- 04,131.9,959.25,71.38,3290.0,2130.0,16430.0
1195,2018- 01- 03,130.95,959.75,71.05,11450.0,2580.0,18300.0
1196,2018- 01- 02,132.4,955.0,70.72,8100.0,2900.0,19310.0
